Title,Media URL,Pinterest board,Thumbnail,Description,Link,Publish date,Keywords
Brow Artist Instagram Stories in Dusty Blue Grey and Ivory,https://cdn.jsdelivr.net/gh/ilsetanis/ava-vae-pins@main/ava-vae-brow-artist-instagram-story-ideas-w40-3bec1714.png,Brow Artist Instagram Story Ideas,,"Stories that answer the brow questions before they hit your DMs. Minimal brow Instagram story templates in soft slate blue, white and a quiet serif, made for the brow artist and brow bar doing shaping, waxing and everyday appointments. 60 stories for booking open, last minute slots, this or that, polls, FAQ answers, price lists and aftercare reminders. Drag your own brow photos in, change the colours to your brand, export and post. Free Canva works. Instant download, start editing today.",https://avavae.com/product/brow-instagram-story-templates?style=minimal&utm_source=pinterest&utm_medium=organic&utm_campaign=brows&utm_content=ava-w40-p001,2026-09-29T06:48:41,"brow artist instagram, brow instagram story, brow tech instagram story, brow bar instagram, brow instagram highlight cover, brow instagram story ideas, eyebrow instagram story, brow artist instagram story, brow shaping, brow artist instagram templates"
Brow Tech Instagram Posts | Treatment and Q&A in Soft Slate and White,https://cdn.jsdelivr.net/gh/ilsetanis/ava-vae-pins@main/ava-vae-brow-artist-instagram-posts-w40-bd786779.png,Brow Artist Instagram Posts,,"Your feed should book clients while you are mapping the next set of brows. Minimal brow Instagram post templates in dusty blue grey tones and clean type that let your brow work speak first, made for the brow artist and brow bar doing shaping, waxing and everyday appointments. 60 posts for before and after, healed results, price list, booking open, aftercare steps and client reviews. Edit on your phone in free Canva, add your own photos and colours, and post.",https://avavae.com/product/brow-instagram-post-templates?style=minimal&utm_source=pinterest&utm_medium=organic&utm_campaign=brows&utm_content=ava-w40-p002,2026-09-29T07:53:04,"brow artist instagram, brow instagram post, brow tech instagram, brow instagram feed, eyebrow instagram post, brow bar instagram, brow instagram post ideas, brow artist instagram feed, brow tech instagram post, brow tech instagram templates"
Brow Instagram Story Ideas in Warm Nude and Toffee,https://cdn.jsdelivr.net/gh/ilsetanis/ava-vae-pins@main/ava-vae-brow-artist-instagram-story-ideas-w40-0c52c7e8.png,Brow Artist Instagram Story Ideas,,"Stories that answer the brow questions before they hit your DMs. Aesthetic brow Instagram story templates in warm caramel, soft tan and cream with a delicate serif, made for the studio that sells brow lamination and tint on repeat. 60 stories for booking open, last minute slots, this or that, polls, FAQ answers, price lists and aftercare reminders. Drag your own brow photos in, change the colours to your brand, export and post. Free Canva works. Instant download, start editing today.",https://avavae.com/product/brow-instagram-story-templates?style=aesthetic&utm_source=pinterest&utm_medium=organic&utm_campaign=brows&utm_content=ava-w40-p003,2026-09-29T08:32:07,"brow instagram story, brow lamination instagram story, brow artist instagram, brow instagram story ideas, lash and brow instagram, brow instagram highlight cover, brow instagram aesthetic, brow lamination instagram, brow tech instagram story, brow artist instagram templates"
Brow Tech Instagram Stories | Brow Journal and Results in Cool Blue Grey and White,https://cdn.jsdelivr.net/gh/ilsetanis/ava-vae-pins@main/ava-vae-brow-artist-instagram-story-ideas-w40-91e66d12.png,Brow Artist Instagram Story Ideas,,"Stories that answer the brow questions before they hit your DMs. Minimal brow Instagram story templates in dusty blue grey tones and clean type that let your brow work speak first, made for the brow artist and brow bar doing shaping, waxing and everyday appointments. 60 stories for booking open, last minute slots, this or that, polls, FAQ answers, price lists and aftercare reminders. Edit on your phone in free Canva, add your own photos and colours, and post.",https://avavae.com/product/brow-instagram-story-templates?style=minimal&utm_source=pinterest&utm_medium=organic&utm_campaign=brows&utm_content=ava-w40-p004,2026-09-29T09:34:38,"brow artist instagram, brow instagram story, brow tech instagram story, brow bar instagram, brow instagram highlight cover, brow instagram story ideas, eyebrow instagram story, brow artist instagram story, brow shaping, brow artist instagram templates"
Lash and Brow Instagram Stories: Built on Trust Layouts,https://cdn.jsdelivr.net/gh/ilsetanis/ava-vae-pins@main/ava-vae-brow-artist-instagram-story-ideas-w40-c470ecd3.png,Brow Artist Instagram Story Ideas,,"Post between clients, not after midnight. Luxury brow Instagram story templates in deep mocha and taupe with editorial spacing, made for microblading, powder and nano brow artists. 60 stories for booking open, last minute slots, this or that, polls, FAQ answers, price lists and aftercare reminders. Swap in your microblading, lamination or shaping photos, type your prices and post, in the free version of Canva. Tap through to see all the layouts.",https://avavae.com/product/brow-instagram-story-templates?style=luxury&utm_source=pinterest&utm_medium=organic&utm_campaign=brows&utm_content=ava-w40-p005,2026-09-29T10:12:32,"pmu instagram story, brow instagram story, microblading instagram story, permanent makeup instagram story, brow artist instagram, powder brows, brow lift, brow instagram story ideas, pmu instagram highlight covers, brow artist instagram templates"
Brow Instagram Story Ideas: Booking and Treatments,https://cdn.jsdelivr.net/gh/ilsetanis/ava-vae-pins@main/ava-vae-brow-artist-instagram-story-ideas-w40-5b0d7737.png,Brow Artist Instagram Story Ideas,,"Post between clients, not after midnight. Minimal brow Instagram story templates in cool blue grey and ivory with lots of calm white space, made for the brow artist and brow bar doing shaping, waxing and everyday appointments. 60 stories for booking open, last minute slots, this or that, polls, FAQ answers, price lists and aftercare reminders. Swap in your microblading, lamination or shaping photos, type your prices and post, in the free version of Canva. Tap through to see all the layouts.",https://avavae.com/product/brow-instagram-story-templates?style=minimal&utm_source=pinterest&utm_medium=organic&utm_campaign=brows&utm_content=ava-w40-p006,2026-09-29T11:34:33,"brow artist instagram, brow instagram story, brow tech instagram story, brow bar instagram, brow instagram highlight cover, brow instagram story ideas, eyebrow instagram story, brow artist instagram story, brow shaping, brow artist instagram templates"
"Brow Artist Instagram Stories | Ask Me Anything Layouts in Caramel, Sand and Soft Serif",https://cdn.jsdelivr.net/gh/ilsetanis/ava-vae-pins@main/ava-vae-brow-artist-instagram-story-ideas-w40-d5a4ba8c.png,Brow Artist Instagram Story Ideas,,"Post between clients, not after midnight. Aesthetic brow Instagram story templates in caramel and cream layouts that feel warm and current, made for the studio that sells brow lamination and tint on repeat. 60 stories for booking open, last minute slots, this or that, polls, FAQ answers, price lists and aftercare reminders. Edit on your phone in free Canva, add your own photos and colours, and post. See every layout and style on the page.",https://avavae.com/product/brow-instagram-story-templates?style=aesthetic&utm_source=pinterest&utm_medium=organic&utm_campaign=brows&utm_content=ava-w40-p007,2026-09-29T12:18:38,"brow instagram story, brow lamination instagram story, brow artist instagram, brow instagram story ideas, lash and brow instagram, brow instagram highlight cover, brow instagram aesthetic, brow lamination instagram, brow tech instagram story, brow artist instagram templates"
Microblading Instagram Posts: This or That and Testimonials,https://cdn.jsdelivr.net/gh/ilsetanis/ava-vae-pins@main/ava-vae-brow-artist-instagram-posts-w40-e565eabc.png,Brow Artist Instagram Posts,,"Before and after, healed results, prices and reviews, all in one calm brow feed. Luxury brow Instagram post templates in deep mocha and taupe with editorial spacing, made for microblading, powder and nano brow artists. 60 posts for before and after, healed results, price list, booking open, aftercare steps and client reviews. Swap in your microblading, lamination or shaping photos, type your prices and post, in the free version of Canva. Tap through to see all the layouts.",https://avavae.etsy.com?utm_source=pinterest&utm_medium=organic&utm_campaign=brows&utm_content=ava-w40-p008,2026-09-29T13:07:53,"pmu instagram post, microblading instagram posts, brow instagram post, permanent makeup instagram, brow instagram feed, pmu instagram post ideas, brow artist instagram, powder brows, brow instagram post ideas, pmu instagram templates"
Eyebrow Instagram Stories | Appointment and Healing in Cool Blue Grey and White,https://cdn.jsdelivr.net/gh/ilsetanis/ava-vae-pins@main/ava-vae-brow-artist-instagram-story-ideas-w40-1231bb78.png,Brow Artist Instagram Story Ideas,,"Fill last minute brow slots without designing a thing. Minimal brow Instagram story templates in dusty blue grey tones and clean type that let your brow work speak first, made for the brow artist and brow bar doing shaping, waxing and everyday appointments. 60 stories for booking open, last minute slots, this or that, polls, FAQ answers, price lists and aftercare reminders. Edit on your phone in free Canva, add your own photos and colours, and post. See every layout and style on the page.",https://avavae.etsy.com?utm_source=pinterest&utm_medium=organic&utm_campaign=brows&utm_content=ava-w40-p009,2026-09-29T14:12:42,"brow artist instagram, brow instagram story, brow tech instagram story, brow bar instagram, brow instagram highlight cover, brow instagram story ideas, eyebrow instagram story, brow artist instagram story, brow shaping, brow artist instagram templates"
Microblading Instagram Stories | Built on Trust Layouts in Espresso Brown and Stone,https://cdn.jsdelivr.net/gh/ilsetanis/ava-vae-pins@main/ava-vae-brow-artist-instagram-story-ideas-w40-e8209dad.png,Brow Artist Instagram Story Ideas,,"Post between clients, not after midnight. Luxury brow Instagram story templates in dark cocoa blocks and warm grey that read high-end without shouting, made for microblading, powder and nano brow artists. 60 stories for booking open, last minute slots, this or that, polls, FAQ answers, price lists and aftercare reminders. Edit on your phone in free Canva, add your own photos and colours, and post. See every layout and style on the page.",https://avavae.etsy.com?utm_source=pinterest&utm_medium=organic&utm_campaign=brows&utm_content=ava-w40-p010,2026-09-29T14:46:20,"pmu instagram story, brow instagram story, microblading instagram story, permanent makeup instagram story, brow artist instagram, powder brows, brow lift, brow instagram story ideas, pmu instagram highlight covers, brow artist instagram templates"
Brow Instagram Feed | Aftercare and Rebooking in Warm Caramel and Cream,https://cdn.jsdelivr.net/gh/ilsetanis/ava-vae-pins@main/ava-vae-brow-artist-instagram-posts-w40-a382b590.png,Brow Artist Instagram Posts,,"Your feed should book clients while you are mapping the next set of brows. Aesthetic brow Instagram post templates in caramel and cream layouts that feel warm and current, made for the studio that sells brow lamination and tint on repeat. 60 posts for before and after, healed results, price list, booking open, aftercare steps and client reviews. Edit on your phone in free Canva, add your own photos and colours, and post. See every layout and style on the page.",https://avavae.com/product/brow-instagram-post-templates?style=aesthetic&utm_source=pinterest&utm_medium=organic&utm_campaign=brows&utm_content=ava-w40-p011,2026-09-29T16:56:50,"brow instagram post, brow lamination instagram, brow instagram feed, brow instagram post ideas, lash and brow instagram, brow artist instagram, eyebrow instagram post, brow instagram aesthetic, brow tint instagram, brow tech instagram templates"
Brow Tech Instagram Posts | About Us and Brow Lift in Cool Blue Grey and White,https://cdn.jsdelivr.net/gh/ilsetanis/ava-vae-pins@main/ava-vae-brow-artist-instagram-posts-w40-70b7189f.png,Brow Artist Instagram Posts,,"Before and after, healed results, prices and reviews, all in one calm brow feed. Minimal brow Instagram post templates in dusty blue grey tones and clean type that let your brow work speak first, made for the brow artist and brow bar doing shaping, waxing and everyday appointments. 60 posts for before and after, healed results, price list, booking open, aftercare steps and client reviews. Edit on your phone in free Canva, add your own photos and colours, and post.",https://avavae.com/product/brow-instagram-post-templates?style=minimal&utm_source=pinterest&utm_medium=organic&utm_campaign=brows&utm_content=ava-w40-p012,2026-09-29T17:37:33,"brow artist instagram, brow instagram post, brow tech instagram, brow instagram feed, eyebrow instagram post, brow bar instagram, brow instagram post ideas, brow artist instagram feed, brow tech instagram post, brow tech instagram templates"
Brow Lamination Instagram Posts: Aftercare and Rebooking,https://cdn.jsdelivr.net/gh/ilsetanis/ava-vae-pins@main/ava-vae-brow-artist-instagram-posts-w40-fd82b5c0.png,Brow Artist Instagram Posts,,"Your feed should book clients while you are mapping the next set of brows. Aesthetic brow Instagram post templates in honey beige tones, close-up brow photography and soft serif type, made for the studio that sells brow lamination and tint on repeat. 60 posts for before and after, healed results, price list, booking open, aftercare steps and client reviews. Swap in your microblading, lamination or shaping photos, type your prices and post, in the free version of Canva.",https://avavae.com/product/brow-instagram-post-templates?style=aesthetic&utm_source=pinterest&utm_medium=organic&utm_campaign=brows&utm_content=ava-w40-p013,2026-09-29T18:14:31,"brow instagram post, brow lamination instagram, brow instagram feed, brow instagram post ideas, lash and brow instagram, brow artist instagram, eyebrow instagram post, brow instagram aesthetic, brow tint instagram, brow tech instagram templates"
Brow Instagram Highlight Ideas: Booking and Treatments,https://cdn.jsdelivr.net/gh/ilsetanis/ava-vae-pins@main/ava-vae-brow-artist-instagram-story-ideas-w40-3d97a6ae.png,Brow Artist Instagram Story Ideas,,"Post between clients, not after midnight. Minimal brow Instagram story templates in cool blue grey and ivory with lots of calm white space, made for the brow artist and brow bar doing shaping, waxing and everyday appointments. 60 stories for booking open, last minute slots, this or that, polls, FAQ answers, price lists and aftercare reminders. Swap in your microblading, lamination or shaping photos, type your prices and post, in the free version of Canva. Tap through to see all the layouts.",https://avavae.com/product/brow-instagram-story-templates?style=minimal&utm_source=pinterest&utm_medium=organic&utm_campaign=brows&utm_content=ava-w40-p014,2026-09-29T19:56:29,"brow artist instagram, brow instagram story, brow tech instagram story, brow bar instagram, brow instagram highlight cover, brow instagram story ideas, eyebrow instagram story, brow artist instagram story, brow shaping, brow artist instagram templates"
"Brow Instagram Feed | Pricing, FAQ and Studio in Soft Slate and White",https://cdn.jsdelivr.net/gh/ilsetanis/ava-vae-pins@main/ava-vae-brow-artist-instagram-posts-w40-72a0a367.png,Brow Artist Instagram Posts,,"Your brows are already the proof. Your feed should look like it. Minimal brow Instagram post templates in dusty blue grey tones and clean type that let your brow work speak first, made for the brow artist and brow bar doing shaping, waxing and everyday appointments. 60 posts for before and after, healed results, price list, booking open, aftercare steps and client reviews. Edit on your phone in free Canva, add your own photos and colours, and post. See every layout and style on the page.",https://avavae.com/product/brow-instagram-post-templates?style=minimal&utm_source=pinterest&utm_medium=organic&utm_campaign=brows&utm_content=ava-w40-p015,2026-09-29T20:34:09,"brow artist instagram, brow instagram post, brow tech instagram, brow instagram feed, eyebrow instagram post, brow bar instagram, brow instagram post ideas, brow artist instagram feed, brow tech instagram post, brow tech instagram templates"
Brow Artist Instagram Stories in Quiet Slate Blue,https://cdn.jsdelivr.net/gh/ilsetanis/ava-vae-pins@main/ava-vae-brow-artist-instagram-story-ideas-w40-f9908fff.png,Brow Artist Instagram Story Ideas,,"Open spots, FAQ, price list and aftercare, ready for your stories tonight. Minimal brow Instagram story templates in soft slate blue, white and a quiet serif, made for the brow artist and brow bar doing shaping, waxing and everyday appointments. 60 stories for booking open, last minute slots, this or that, polls, FAQ answers, price lists and aftercare reminders. Drag your own brow photos in, change the colours to your brand, export and post. Free Canva works.",https://avavae.com/product/brow-instagram-story-templates?style=minimal&utm_source=pinterest&utm_medium=organic&utm_campaign=brows&utm_content=ava-w40-p016,2026-09-30T06:27:32,"brow artist instagram, brow instagram story, brow tech instagram story, brow bar instagram, brow instagram highlight cover, brow instagram story ideas, eyebrow instagram story, brow artist instagram story, brow shaping, brow artist instagram templates"
Lash and Brow Instagram Stories in Warm Caramel and Cream,https://cdn.jsdelivr.net/gh/ilsetanis/ava-vae-pins@main/ava-vae-brow-artist-instagram-story-ideas-w40-ef324c2b.png,Brow Artist Instagram Story Ideas,,"Stories that answer the brow questions before they hit your DMs. Aesthetic brow Instagram story templates in warm caramel, soft tan and cream with a delicate serif, made for the studio that sells brow lamination and tint on repeat. 60 stories for booking open, last minute slots, this or that, polls, FAQ answers, price lists and aftercare reminders. Drag your own brow photos in, change the colours to your brand, export and post. Free Canva works. Instant download, start editing today.",https://avavae.com/product/brow-instagram-story-templates?style=aesthetic&utm_source=pinterest&utm_medium=organic&utm_campaign=brows&utm_content=ava-w40-p017,2026-09-30T07:11:47,"brow instagram story, brow lamination instagram story, brow artist instagram, brow instagram story ideas, lash and brow instagram, brow instagram highlight cover, brow instagram aesthetic, brow lamination instagram, brow tech instagram story, brow artist instagram templates"
Brow Bar Instagram Feed in Soft Slate and White,https://cdn.jsdelivr.net/gh/ilsetanis/ava-vae-pins@main/ava-vae-brow-artist-instagram-posts-w40-08970ec9.png,Brow Artist Instagram Posts,,"Before and after, healed results, prices and reviews, all in one calm brow feed. Minimal brow Instagram post templates in soft slate blue, white and a quiet serif, made for the brow artist and brow bar doing shaping, waxing and everyday appointments. 60 posts for before and after, healed results, price list, booking open, aftercare steps and client reviews. Drag your own brow photos in, change the colours to your brand, export and post. Free Canva works. Instant download, start editing today.",https://avavae.etsy.com?utm_source=pinterest&utm_medium=organic&utm_campaign=brows&utm_content=ava-w40-p018,2026-09-30T07:56:23,"brow artist instagram, brow instagram post, brow tech instagram, brow instagram feed, eyebrow instagram post, brow bar instagram, brow instagram post ideas, brow artist instagram feed, brow tech instagram post, brow tech instagram templates"
Brow Artist Instagram Stories in Soft Slate and White,https://cdn.jsdelivr.net/gh/ilsetanis/ava-vae-pins@main/ava-vae-brow-artist-instagram-story-ideas-w40-c4918aa7.png,Brow Artist Instagram Story Ideas,,"Stories are where brow clients actually book. Minimal brow Instagram story templates in soft slate blue, white and a quiet serif, made for the brow artist and brow bar doing shaping, waxing and everyday appointments. 60 stories for booking open, last minute slots, this or that, polls, FAQ answers, price lists and aftercare reminders. Drag your own brow photos in, change the colours to your brand, export and post. Free Canva works. Instant download, start editing today.",https://avavae.etsy.com?utm_source=pinterest&utm_medium=organic&utm_campaign=brows&utm_content=ava-w40-p019,2026-09-30T08:48:41,"brow artist instagram, brow instagram story, brow tech instagram story, brow bar instagram, brow instagram highlight cover, brow instagram story ideas, eyebrow instagram story, brow artist instagram story, brow shaping, brow artist instagram templates"
Brow Lamination Instagram Posts: Lamination Before and After,https://cdn.jsdelivr.net/gh/ilsetanis/ava-vae-pins@main/ava-vae-brow-artist-instagram-posts-w40-84010c42.png,Brow Artist Instagram Posts,,"Stop rebuilding the same brow post every week. Aesthetic brow Instagram post templates in honey beige tones, close-up brow photography and soft serif type, made for the studio that sells brow lamination and tint on repeat. 60 posts for before and after, healed results, price list, booking open, aftercare steps and client reviews. Swap in your microblading, lamination or shaping photos, type your prices and post, in the free version of Canva. Tap through to see all the layouts.",https://avavae.etsy.com?utm_source=pinterest&utm_medium=organic&utm_campaign=brows&utm_content=ava-w40-p020,2026-09-30T09:44:05,"brow instagram post, brow lamination instagram, brow instagram feed, brow instagram post ideas, lash and brow instagram, brow artist instagram, eyebrow instagram post, brow instagram aesthetic, brow tint instagram, brow tech instagram templates"
Permanent Makeup Instagram Posts in Espresso and Greige,https://cdn.jsdelivr.net/gh/ilsetanis/ava-vae-pins@main/ava-vae-brow-artist-instagram-posts-w40-acf63950.png,Brow Artist Instagram Posts,,"Before and after, healed results, prices and reviews, all in one calm brow feed. Luxury brow Instagram post templates in espresso brown, greige and bold uppercase type, made for microblading, powder and nano brow artists. 60 posts for before and after, healed results, price list, booking open, aftercare steps and client reviews. Drag your own brow photos in, change the colours to your brand, export and post. Free Canva works. Instant download, start editing today.",https://avavae.com/product/brow-instagram-post-templates?style=luxury&utm_source=pinterest&utm_medium=organic&utm_campaign=brows&utm_content=ava-w40-p021,2026-09-30T10:17:21,"pmu instagram post, microblading instagram posts, brow instagram post, permanent makeup instagram, brow instagram feed, pmu instagram post ideas, brow artist instagram, powder brows, brow instagram post ideas, pmu instagram templates"
"Lash and Brow Instagram Stories in Caramel, Sand and Soft Serif",https://cdn.jsdelivr.net/gh/ilsetanis/ava-vae-pins@main/ava-vae-brow-artist-instagram-story-ideas-w40-d2c69fbf.png,Brow Artist Instagram Story Ideas,,"Stories are where brow clients actually book. Aesthetic brow Instagram story templates in warm caramel, soft tan and cream with a delicate serif, made for the studio that sells brow lamination and tint on repeat. 60 stories for booking open, last minute slots, this or that, polls, FAQ answers, price lists and aftercare reminders. Drag your own brow photos in, change the colours to your brand, export and post. Free Canva works. Instant download, start editing today.",https://avavae.com/product/brow-instagram-story-templates?style=aesthetic&utm_source=pinterest&utm_medium=organic&utm_campaign=brows&utm_content=ava-w40-p022,2026-09-30T11:48:30,"brow instagram story, brow lamination instagram story, brow artist instagram, brow instagram story ideas, lash and brow instagram, brow instagram highlight cover, brow instagram aesthetic, brow lamination instagram, brow tech instagram story, brow artist instagram templates"
PMU Instagram Post Ideas in Espresso and Greige,https://cdn.jsdelivr.net/gh/ilsetanis/ava-vae-pins@main/ava-vae-brow-artist-instagram-posts-w40-946373fb.png,Brow Artist Instagram Posts,,"Your brows are already the proof. Your feed should look like it. Luxury brow Instagram post templates in espresso brown, greige and bold uppercase type, made for microblading, powder and nano brow artists. 60 posts for before and after, healed results, price list, booking open, aftercare steps and client reviews. Drag your own brow photos in, change the colours to your brand, export and post. Free Canva works. Instant download, start editing today.",https://avavae.com/product/brow-instagram-post-templates?style=luxury&utm_source=pinterest&utm_medium=organic&utm_campaign=brows&utm_content=ava-w40-p023,2026-09-30T13:28:39,"pmu instagram post, microblading instagram posts, brow instagram post, permanent makeup instagram, brow instagram feed, pmu instagram post ideas, brow artist instagram, powder brows, brow instagram post ideas, pmu instagram templates"
Brow Artist Instagram Posts in Soft Slate and White,https://cdn.jsdelivr.net/gh/ilsetanis/ava-vae-pins@main/ava-vae-brow-artist-instagram-posts-w40-6cb0c33e.png,Brow Artist Instagram Posts,,"Your brows are already the proof. Your feed should look like it. Minimal brow Instagram post templates in soft slate blue, white and a quiet serif, made for the brow artist and brow bar doing shaping, waxing and everyday appointments. 60 posts for before and after, healed results, price list, booking open, aftercare steps and client reviews. Drag your own brow photos in, change the colours to your brand, export and post. Free Canva works. Instant download, start editing today.",https://avavae.com/product/brow-instagram-post-templates?style=minimal&utm_source=pinterest&utm_medium=organic&utm_campaign=brows&utm_content=ava-w40-p024,2026-09-30T13:58:22,"brow artist instagram, brow instagram post, brow tech instagram, brow instagram feed, eyebrow instagram post, brow bar instagram, brow instagram post ideas, brow artist instagram feed, brow tech instagram post, brow tech instagram templates"
Brow Lamination Instagram Stories: About Us and Treatment,https://cdn.jsdelivr.net/gh/ilsetanis/ava-vae-pins@main/ava-vae-brow-artist-instagram-story-ideas-w40-6e530872.png,Brow Artist Instagram Story Ideas,,"Stories that answer the brow questions before they hit your DMs. Aesthetic brow Instagram story templates in honey beige tones, close-up brow photography and soft serif type, made for the studio that sells brow lamination and tint on repeat. 60 stories for booking open, last minute slots, this or that, polls, FAQ answers, price lists and aftercare reminders. Swap in your microblading, lamination or shaping photos, type your prices and post, in the free version of Canva.",https://avavae.com/product/brow-instagram-story-templates?style=aesthetic&utm_source=pinterest&utm_medium=organic&utm_campaign=brows&utm_content=ava-w40-p025,2026-09-30T17:08:41,"brow instagram story, brow lamination instagram story, brow artist instagram, brow instagram story ideas, lash and brow instagram, brow instagram highlight cover, brow instagram aesthetic, brow lamination instagram, brow tech instagram story, brow artist instagram templates"
Brow Artist Instagram Posts | Healed Results and Aftercare in Espresso and Greige,https://cdn.jsdelivr.net/gh/ilsetanis/ava-vae-pins@main/ava-vae-brow-artist-instagram-posts-w40-dd3c3048.png,Brow Artist Instagram Posts,,"Your brows are already the proof. Your feed should look like it. Luxury brow Instagram post templates in dark cocoa blocks and warm grey that read high-end without shouting, made for microblading, powder and nano brow artists. 60 posts for before and after, healed results, price list, booking open, aftercare steps and client reviews. Edit on your phone in free Canva, add your own photos and colours, and post. See every layout and style on the page.",https://avavae.com/product/brow-instagram-post-templates?style=luxury&utm_source=pinterest&utm_medium=organic&utm_campaign=brows&utm_content=ava-w40-p026,2026-09-30T17:34:23,"pmu instagram post, microblading instagram posts, brow instagram post, permanent makeup instagram, brow instagram feed, pmu instagram post ideas, brow artist instagram, powder brows, brow instagram post ideas, pmu instagram templates"
PMU Instagram Stories in Deep Mocha and Taupe,https://cdn.jsdelivr.net/gh/ilsetanis/ava-vae-pins@main/ava-vae-brow-artist-instagram-story-ideas-w40-c22a8db2.png,Brow Artist Instagram Story Ideas,,"Fill last minute brow slots without designing a thing. Luxury brow Instagram story templates in espresso brown, greige and bold uppercase type, made for microblading, powder and nano brow artists. 60 stories for booking open, last minute slots, this or that, polls, FAQ answers, price lists and aftercare reminders. Drag your own brow photos in, change the colours to your brand, export and post. Free Canva works. Instant download, start editing today.",https://avavae.com/product/brow-instagram-story-templates?style=luxury&utm_source=pinterest&utm_medium=organic&utm_campaign=brows&utm_content=ava-w40-p027,2026-09-30T17:56:33,"pmu instagram story, brow instagram story, microblading instagram story, permanent makeup instagram story, brow artist instagram, powder brows, brow lift, brow instagram story ideas, pmu instagram highlight covers, brow artist instagram templates"
Brow Lamination Instagram Stories: Ask Me Anything Layouts,https://cdn.jsdelivr.net/gh/ilsetanis/ava-vae-pins@main/ava-vae-brow-artist-instagram-story-ideas-w40-77ba4bb4.png,Brow Artist Instagram Story Ideas,,"Post between clients, not after midnight. Aesthetic brow Instagram story templates in honey beige tones, close-up brow photography and soft serif type, made for the studio that sells brow lamination and tint on repeat. 60 stories for booking open, last minute slots, this or that, polls, FAQ answers, price lists and aftercare reminders. Swap in your microblading, lamination or shaping photos, type your prices and post, in the free version of Canva. Tap through to see all the layouts.",https://avavae.etsy.com?utm_source=pinterest&utm_medium=organic&utm_campaign=brows&utm_content=ava-w40-p028,2026-09-30T18:18:01,"brow instagram story, brow lamination instagram story, brow artist instagram, brow instagram story ideas, lash and brow instagram, brow instagram highlight cover, brow instagram aesthetic, brow lamination instagram, brow tech instagram story, brow artist instagram templates"
Microblading Instagram Posts: Openings Calendar and Services,https://cdn.jsdelivr.net/gh/ilsetanis/ava-vae-pins@main/ava-vae-brow-artist-instagram-posts-w40-8866abb3.png,Brow Artist Instagram Posts,,"Stop rebuilding the same brow post every week. Luxury brow Instagram post templates in deep mocha and taupe with editorial spacing, made for microblading, powder and nano brow artists. 60 posts for before and after, healed results, price list, booking open, aftercare steps and client reviews. Swap in your microblading, lamination or shaping photos, type your prices and post, in the free version of Canva. Tap through to see all the layouts.",https://avavae.etsy.com?utm_source=pinterest&utm_medium=organic&utm_campaign=brows&utm_content=ava-w40-p029,2026-09-30T19:38:01,"pmu instagram post, microblading instagram posts, brow instagram post, permanent makeup instagram, brow instagram feed, pmu instagram post ideas, brow artist instagram, powder brows, brow instagram post ideas, pmu instagram templates"
Brow Instagram Story Ideas: Powder Brows and Brow Lift,https://cdn.jsdelivr.net/gh/ilsetanis/ava-vae-pins@main/ava-vae-brow-artist-instagram-story-ideas-w40-71079950.png,Brow Artist Instagram Story Ideas,,"Stories that answer the brow questions before they hit your DMs. Luxury brow Instagram story templates in deep mocha and taupe with editorial spacing, made for microblading, powder and nano brow artists. 60 stories for booking open, last minute slots, this or that, polls, FAQ answers, price lists and aftercare reminders. Swap in your microblading, lamination or shaping photos, type your prices and post, in the free version of Canva. Tap through to see all the layouts.",https://avavae.etsy.com?utm_source=pinterest&utm_medium=organic&utm_campaign=brows&utm_content=ava-w40-p030,2026-09-30T20:08:17,"pmu instagram story, brow instagram story, microblading instagram story, permanent makeup instagram story, brow artist instagram, powder brows, brow lift, brow instagram story ideas, pmu instagram highlight covers, brow artist instagram templates"
Eyebrow Instagram Stories | Healing and Retouch Stories in Soft Tan and Honey,https://cdn.jsdelivr.net/gh/ilsetanis/ava-vae-pins@main/ava-vae-brow-artist-instagram-story-ideas-w40-28348ecc.png,Brow Artist Instagram Story Ideas,,"Fill last minute brow slots without designing a thing. Aesthetic brow Instagram story templates in caramel and cream layouts that feel warm and current, made for the studio that sells brow lamination and tint on repeat. 60 stories for booking open, last minute slots, this or that, polls, FAQ answers, price lists and aftercare reminders. Edit on your phone in free Canva, add your own photos and colours, and post. See every layout and style on the page.",https://avavae.com/product/brow-instagram-story-templates?style=aesthetic&utm_source=pinterest&utm_medium=organic&utm_campaign=brows&utm_content=ava-w40-p031,2026-09-30T21:14:35,"brow instagram story, brow lamination instagram story, brow artist instagram, brow instagram story ideas, lash and brow instagram, brow instagram highlight cover, brow instagram aesthetic, brow lamination instagram, brow tech instagram story, brow artist instagram templates"
Brow Tech Instagram Stories | Price List and Brow Care in Dusty Blue Grey and Ivory,https://cdn.jsdelivr.net/gh/ilsetanis/ava-vae-pins@main/ava-vae-brow-artist-instagram-story-ideas-w40-5cfada96.png,Brow Artist Instagram Story Ideas,,"Stories are where brow clients actually book. Minimal brow Instagram story templates in dusty blue grey tones and clean type that let your brow work speak first, made for the brow artist and brow bar doing shaping, waxing and everyday appointments. 60 stories for booking open, last minute slots, this or that, polls, FAQ answers, price lists and aftercare reminders. Edit on your phone in free Canva, add your own photos and colours, and post. See every layout and style on the page.",https://avavae.com/product/brow-instagram-story-templates?style=minimal&utm_source=pinterest&utm_medium=organic&utm_campaign=brows&utm_content=ava-w40-p032,2026-10-01T06:18:19,"brow artist instagram, brow instagram story, brow tech instagram story, brow bar instagram, brow instagram highlight cover, brow instagram story ideas, eyebrow instagram story, brow artist instagram story, brow shaping, brow artist instagram templates"
Brow Instagram Post Ideas: Treatment and Q&A,https://cdn.jsdelivr.net/gh/ilsetanis/ava-vae-pins@main/ava-vae-brow-artist-instagram-posts-w40-dbe2080f.png,Brow Artist Instagram Posts,,"Your feed should book clients while you are mapping the next set of brows. Minimal brow Instagram post templates in cool blue grey and ivory with lots of calm white space, made for the brow artist and brow bar doing shaping, waxing and everyday appointments. 60 posts for before and after, healed results, price list, booking open, aftercare steps and client reviews. Swap in your microblading, lamination or shaping photos, type your prices and post, in the free version of Canva.",https://avavae.com/product/brow-instagram-post-templates?style=minimal&utm_source=pinterest&utm_medium=organic&utm_campaign=brows&utm_content=ava-w40-p033,2026-10-01T06:57:56,"brow artist instagram, brow instagram post, brow tech instagram, brow instagram feed, eyebrow instagram post, brow bar instagram, brow instagram post ideas, brow artist instagram feed, brow tech instagram post, brow tech instagram templates"
Brow Instagram Story Ideas: Appointment and Healing,https://cdn.jsdelivr.net/gh/ilsetanis/ava-vae-pins@main/ava-vae-brow-artist-instagram-story-ideas-w40-b86754bb.png,Brow Artist Instagram Story Ideas,,"Fill last minute brow slots without designing a thing. Minimal brow Instagram story templates in cool blue grey and ivory with lots of calm white space, made for the brow artist and brow bar doing shaping, waxing and everyday appointments. 60 stories for booking open, last minute slots, this or that, polls, FAQ answers, price lists and aftercare reminders. Swap in your microblading, lamination or shaping photos, type your prices and post, in the free version of Canva.",https://avavae.com/product/brow-instagram-story-templates?style=minimal&utm_source=pinterest&utm_medium=organic&utm_campaign=brows&utm_content=ava-w40-p034,2026-10-01T07:18:09,"brow artist instagram, brow instagram story, brow tech instagram story, brow bar instagram, brow instagram highlight cover, brow instagram story ideas, eyebrow instagram story, brow artist instagram story, brow shaping, brow artist instagram templates"
Brow Instagram Stories: Healing and Retouch Stories,https://cdn.jsdelivr.net/gh/ilsetanis/ava-vae-pins@main/ava-vae-brow-artist-instagram-story-ideas-w40-06e326a3.png,Brow Artist Instagram Story Ideas,,"Fill last minute brow slots without designing a thing. Aesthetic brow Instagram story templates in honey beige tones, close-up brow photography and soft serif type, made for the studio that sells brow lamination and tint on repeat. 60 stories for booking open, last minute slots, this or that, polls, FAQ answers, price lists and aftercare reminders. Swap in your microblading, lamination or shaping photos, type your prices and post, in the free version of Canva. Tap through to see all the layouts.",https://avavae.com/product/brow-instagram-story-templates?style=aesthetic&utm_source=pinterest&utm_medium=organic&utm_campaign=brows&utm_content=ava-w40-p035,2026-10-01T07:54:42,"brow instagram story, brow lamination instagram story, brow artist instagram, brow instagram story ideas, lash and brow instagram, brow instagram highlight cover, brow instagram aesthetic, brow lamination instagram, brow tech instagram story, brow artist instagram templates"
Brow Tech Instagram Posts | Brow Shaping and Reviews in Quiet Slate Blue,https://cdn.jsdelivr.net/gh/ilsetanis/ava-vae-pins@main/ava-vae-brow-artist-instagram-posts-w40-7548a6a0.png,Brow Artist Instagram Posts,,"A brow feed that looks as precise as your mapping. Minimal brow Instagram post templates in dusty blue grey tones and clean type that let your brow work speak first, made for the brow artist and brow bar doing shaping, waxing and everyday appointments. 60 posts for before and after, healed results, price list, booking open, aftercare steps and client reviews. Edit on your phone in free Canva, add your own photos and colours, and post. See every layout and style on the page.",https://avavae.com/product/brow-instagram-post-templates?style=minimal&utm_source=pinterest&utm_medium=organic&utm_campaign=brows&utm_content=ava-w40-p036,2026-10-01T09:06:36,"brow artist instagram, brow instagram post, brow tech instagram, brow instagram feed, eyebrow instagram post, brow bar instagram, brow instagram post ideas, brow artist instagram feed, brow tech instagram post, brow tech instagram templates"
Eyebrow Instagram Stories | Quotes and Testimonials in Quiet Slate Blue,https://cdn.jsdelivr.net/gh/ilsetanis/ava-vae-pins@main/ava-vae-brow-artist-instagram-story-ideas-w40-4bcf16ce.png,Brow Artist Instagram Story Ideas,,"Open spots, FAQ, price list and aftercare, ready for your stories tonight. Minimal brow Instagram story templates in dusty blue grey tones and clean type that let your brow work speak first, made for the brow artist and brow bar doing shaping, waxing and everyday appointments. 60 stories for booking open, last minute slots, this or that, polls, FAQ answers, price lists and aftercare reminders. Edit on your phone in free Canva, add your own photos and colours, and post.",https://avavae.com/product/brow-instagram-story-templates?style=minimal&utm_source=pinterest&utm_medium=organic&utm_campaign=brows&utm_content=ava-w40-p037,2026-10-01T11:08:03,"brow artist instagram, brow instagram story, brow tech instagram story, brow bar instagram, brow instagram highlight cover, brow instagram story ideas, eyebrow instagram story, brow artist instagram story, brow shaping, brow artist instagram templates"
Brow Artist Instagram Stories | Booking and Reviews in Warm Caramel and Cream,https://cdn.jsdelivr.net/gh/ilsetanis/ava-vae-pins@main/ava-vae-brow-artist-instagram-story-ideas-w40-367b8242.png,Brow Artist Instagram Story Ideas,,"Open spots, FAQ, price list and aftercare, ready for your stories tonight. Aesthetic brow Instagram story templates in caramel and cream layouts that feel warm and current, made for the studio that sells brow lamination and tint on repeat. 60 stories for booking open, last minute slots, this or that, polls, FAQ answers, price lists and aftercare reminders. Edit on your phone in free Canva, add your own photos and colours, and post. See every layout and style on the page.",https://avavae.etsy.com?utm_source=pinterest&utm_medium=organic&utm_campaign=brows&utm_content=ava-w40-p038,2026-10-01T11:47:21,"brow instagram story, brow lamination instagram story, brow artist instagram, brow instagram story ideas, lash and brow instagram, brow instagram highlight cover, brow instagram aesthetic, brow lamination instagram, brow tech instagram story, brow artist instagram templates"
Brow Instagram Feed | Client Reviews and Brow Kit in Soft Tan and Honey,https://cdn.jsdelivr.net/gh/ilsetanis/ava-vae-pins@main/ava-vae-brow-artist-instagram-posts-w40-186da11d.png,Brow Artist Instagram Posts,,"Before and after, healed results, prices and reviews, all in one calm brow feed. Aesthetic brow Instagram post templates in caramel and cream layouts that feel warm and current, made for the studio that sells brow lamination and tint on repeat. 60 posts for before and after, healed results, price list, booking open, aftercare steps and client reviews. Edit on your phone in free Canva, add your own photos and colours, and post. See every layout and style on the page.",https://avavae.etsy.com?utm_source=pinterest&utm_medium=organic&utm_campaign=brows&utm_content=ava-w40-p039,2026-10-01T12:14:34,"brow instagram post, brow lamination instagram, brow instagram feed, brow instagram post ideas, lash and brow instagram, brow artist instagram, eyebrow instagram post, brow instagram aesthetic, brow tint instagram, brow tech instagram templates"
Permanent Makeup Instagram Posts in Deep Mocha and Taupe,https://cdn.jsdelivr.net/gh/ilsetanis/ava-vae-pins@main/ava-vae-brow-artist-instagram-posts-w40-05306eb6.png,Brow Artist Instagram Posts,,"A brow feed that looks as precise as your mapping. Luxury brow Instagram post templates in espresso brown, greige and bold uppercase type, made for microblading, powder and nano brow artists. 60 posts for before and after, healed results, price list, booking open, aftercare steps and client reviews. Drag your own brow photos in, change the colours to your brand, export and post. Free Canva works. Instant download, start editing today.",https://avavae.etsy.com?utm_source=pinterest&utm_medium=organic&utm_campaign=brows&utm_content=ava-w40-p040,2026-10-01T12:43:18,"pmu instagram post, microblading instagram posts, brow instagram post, permanent makeup instagram, brow instagram feed, pmu instagram post ideas, brow artist instagram, powder brows, brow instagram post ideas, pmu instagram templates"
Permanent Makeup Instagram Stories in Deep Mocha and Taupe,https://cdn.jsdelivr.net/gh/ilsetanis/ava-vae-pins@main/ava-vae-brow-artist-instagram-story-ideas-w40-9f60f036.png,Brow Artist Instagram Story Ideas,,"Post between clients, not after midnight. Luxury brow Instagram story templates in espresso brown, greige and bold uppercase type, made for microblading, powder and nano brow artists. 60 stories for booking open, last minute slots, this or that, polls, FAQ answers, price lists and aftercare reminders. Drag your own brow photos in, change the colours to your brand, export and post. Free Canva works. Instant download, start editing today.",https://avavae.com/product/brow-instagram-story-templates?style=luxury&utm_source=pinterest&utm_medium=organic&utm_campaign=brows&utm_content=ava-w40-p041,2026-10-01T13:53:31,"pmu instagram story, brow instagram story, microblading instagram story, permanent makeup instagram story, brow artist instagram, powder brows, brow lift, brow instagram story ideas, pmu instagram highlight covers, brow artist instagram templates"
Lash and Brow Instagram Posts in Soft Tan and Honey,https://cdn.jsdelivr.net/gh/ilsetanis/ava-vae-pins@main/ava-vae-brow-artist-instagram-posts-w40-b66fdf34.png,Brow Artist Instagram Posts,,"A brow feed that looks as precise as your mapping. Aesthetic brow Instagram post templates in warm caramel, soft tan and cream with a delicate serif, made for the studio that sells brow lamination and tint on repeat. 60 posts for before and after, healed results, price list, booking open, aftercare steps and client reviews. Drag your own brow photos in, change the colours to your brand, export and post. Free Canva works. Instant download, start editing today.",https://avavae.com/product/brow-instagram-post-templates?style=aesthetic&utm_source=pinterest&utm_medium=organic&utm_campaign=brows&utm_content=ava-w40-p042,2026-10-01T16:07:23,"brow instagram post, brow lamination instagram, brow instagram feed, brow instagram post ideas, lash and brow instagram, brow artist instagram, eyebrow instagram post, brow instagram aesthetic, brow tint instagram, brow tech instagram templates"
Brow Instagram Feed | Brow Care and Booking in Cool Blue Grey and White,https://cdn.jsdelivr.net/gh/ilsetanis/ava-vae-pins@main/ava-vae-brow-artist-instagram-posts-w40-6a1090dd.png,Brow Artist Instagram Posts,,"Stop rebuilding the same brow post every week. Minimal brow Instagram post templates in dusty blue grey tones and clean type that let your brow work speak first, made for the brow artist and brow bar doing shaping, waxing and everyday appointments. 60 posts for before and after, healed results, price list, booking open, aftercare steps and client reviews. Edit on your phone in free Canva, add your own photos and colours, and post. See every layout and style on the page.",https://avavae.com/product/brow-instagram-post-templates?style=minimal&utm_source=pinterest&utm_medium=organic&utm_campaign=brows&utm_content=ava-w40-p043,2026-10-01T18:14:22,"brow artist instagram, brow instagram post, brow tech instagram, brow instagram feed, eyebrow instagram post, brow bar instagram, brow instagram post ideas, brow artist instagram feed, brow tech instagram post, brow tech instagram templates"
Brow Lamination Instagram Stories: Booking and Reviews,https://cdn.jsdelivr.net/gh/ilsetanis/ava-vae-pins@main/ava-vae-brow-artist-instagram-story-ideas-w40-a94105d9.png,Brow Artist Instagram Story Ideas,,"Open spots, FAQ, price list and aftercare, ready for your stories tonight. Aesthetic brow Instagram story templates in honey beige tones, close-up brow photography and soft serif type, made for the studio that sells brow lamination and tint on repeat. 60 stories for booking open, last minute slots, this or that, polls, FAQ answers, price lists and aftercare reminders. Swap in your microblading, lamination or shaping photos, type your prices and post, in the free version of Canva.",https://avavae.com/product/brow-instagram-story-templates?style=aesthetic&utm_source=pinterest&utm_medium=organic&utm_campaign=brows&utm_content=ava-w40-p044,2026-10-01T19:46:57,"brow instagram story, brow lamination instagram story, brow artist instagram, brow instagram story ideas, lash and brow instagram, brow instagram highlight cover, brow instagram aesthetic, brow lamination instagram, brow tech instagram story, brow artist instagram templates"
Brow Instagram Story Ideas: Booking Alerts and Tips,https://cdn.jsdelivr.net/gh/ilsetanis/ava-vae-pins@main/ava-vae-brow-artist-instagram-story-ideas-w40-856457b4.png,Brow Artist Instagram Story Ideas,,"Open spots, FAQ, price list and aftercare, ready for your stories tonight. Luxury brow Instagram story templates in deep mocha and taupe with editorial spacing, made for microblading, powder and nano brow artists. 60 stories for booking open, last minute slots, this or that, polls, FAQ answers, price lists and aftercare reminders. Swap in your microblading, lamination or shaping photos, type your prices and post, in the free version of Canva. Tap through to see all the layouts.",https://avavae.com/product/brow-instagram-story-templates?style=luxury&utm_source=pinterest&utm_medium=organic&utm_campaign=brows&utm_content=ava-w40-p045,2026-10-01T20:37:28,"pmu instagram story, brow instagram story, microblading instagram story, permanent makeup instagram story, brow artist instagram, powder brows, brow lift, brow instagram story ideas, pmu instagram highlight covers, brow artist instagram templates"
Brow Instagram Post Ideas | Brow Lift and Artistry in Espresso and Greige,https://cdn.jsdelivr.net/gh/ilsetanis/ava-vae-pins@main/ava-vae-brow-artist-instagram-posts-w40-f78f135a.png,Brow Artist Instagram Posts,,"Your feed should book clients while you are mapping the next set of brows. Luxury brow Instagram post templates in dark cocoa blocks and warm grey that read high-end without shouting, made for microblading, powder and nano brow artists. 60 posts for before and after, healed results, price list, booking open, aftercare steps and client reviews. Edit on your phone in free Canva, add your own photos and colours, and post. See every layout and style on the page.",https://avavae.com/product/brow-instagram-post-templates?style=luxury&utm_source=pinterest&utm_medium=organic&utm_campaign=brows&utm_content=ava-w40-p046,2026-10-01T21:23:09,"pmu instagram post, microblading instagram posts, brow instagram post, permanent makeup instagram, brow instagram feed, pmu instagram post ideas, brow artist instagram, powder brows, brow instagram post ideas, pmu instagram templates"
Microblading Instagram Stories | Powder Brows and Brow Lift in Deep Mocha and Taupe,https://cdn.jsdelivr.net/gh/ilsetanis/ava-vae-pins@main/ava-vae-brow-artist-instagram-story-ideas-w40-6576678b.png,Brow Artist Instagram Story Ideas,,"Stories that answer the brow questions before they hit your DMs. Luxury brow Instagram story templates in dark cocoa blocks and warm grey that read high-end without shouting, made for microblading, powder and nano brow artists. 60 stories for booking open, last minute slots, this or that, polls, FAQ answers, price lists and aftercare reminders. Edit on your phone in free Canva, add your own photos and colours, and post. See every layout and style on the page.",https://avavae.com/product/brow-instagram-story-templates?style=luxury&utm_source=pinterest&utm_medium=organic&utm_campaign=brows&utm_content=ava-w40-p047,2026-10-02T07:11:27,"pmu instagram story, brow instagram story, microblading instagram story, permanent makeup instagram story, brow artist instagram, powder brows, brow lift, brow instagram story ideas, pmu instagram highlight covers, brow artist instagram templates"
Brow Instagram Story Ideas: Brow Journal and Results,https://cdn.jsdelivr.net/gh/ilsetanis/ava-vae-pins@main/ava-vae-brow-artist-instagram-story-ideas-w40-55265aa6.png,Brow Artist Instagram Story Ideas,,"Stories that answer the brow questions before they hit your DMs. Minimal brow Instagram story templates in cool blue grey and ivory with lots of calm white space, made for the brow artist and brow bar doing shaping, waxing and everyday appointments. 60 stories for booking open, last minute slots, this or that, polls, FAQ answers, price lists and aftercare reminders. Swap in your microblading, lamination or shaping photos, type your prices and post, in the free version of Canva.",https://avavae.etsy.com?utm_source=pinterest&utm_medium=organic&utm_campaign=brows&utm_content=ava-w40-p048,2026-10-02T07:36:27,"brow artist instagram, brow instagram story, brow tech instagram story, brow bar instagram, brow instagram highlight cover, brow instagram story ideas, eyebrow instagram story, brow artist instagram story, brow shaping, brow artist instagram templates"
Brow Artist Instagram Stories | Q&A and Results in Deep Mocha and Taupe,https://cdn.jsdelivr.net/gh/ilsetanis/ava-vae-pins@main/ava-vae-brow-artist-instagram-story-ideas-w40-6c1358de.png,Brow Artist Instagram Story Ideas,,"Fill last minute brow slots without designing a thing. Luxury brow Instagram story templates in dark cocoa blocks and warm grey that read high-end without shouting, made for microblading, powder and nano brow artists. 60 stories for booking open, last minute slots, this or that, polls, FAQ answers, price lists and aftercare reminders. Edit on your phone in free Canva, add your own photos and colours, and post. See every layout and style on the page.",https://avavae.etsy.com?utm_source=pinterest&utm_medium=organic&utm_campaign=brows&utm_content=ava-w40-p049,2026-10-02T08:26:43,"pmu instagram story, brow instagram story, microblading instagram story, permanent makeup instagram story, brow artist instagram, powder brows, brow lift, brow instagram story ideas, pmu instagram highlight covers, brow artist instagram templates"
Brow Artist Instagram Posts in Quiet Slate Blue,https://cdn.jsdelivr.net/gh/ilsetanis/ava-vae-pins@main/ava-vae-brow-artist-instagram-posts-w40-21f1da97.png,Brow Artist Instagram Posts,,"Your feed should book clients while you are mapping the next set of brows. Minimal brow Instagram post templates in soft slate blue, white and a quiet serif, made for the brow artist and brow bar doing shaping, waxing and everyday appointments. 60 posts for before and after, healed results, price list, booking open, aftercare steps and client reviews. Drag your own brow photos in, change the colours to your brand, export and post. Free Canva works. Instant download, start editing today.",https://avavae.etsy.com?utm_source=pinterest&utm_medium=organic&utm_campaign=brows&utm_content=ava-w40-p050,2026-10-02T08:53:07,"brow artist instagram, brow instagram post, brow tech instagram, brow instagram feed, eyebrow instagram post, brow bar instagram, brow instagram post ideas, brow artist instagram feed, brow tech instagram post, brow tech instagram templates"
Brow Bar Instagram Stories in Quiet Slate Blue,https://cdn.jsdelivr.net/gh/ilsetanis/ava-vae-pins@main/ava-vae-brow-artist-instagram-story-ideas-w40-c893ae34.png,Brow Artist Instagram Story Ideas,,"Stories are where brow clients actually book. Minimal brow Instagram story templates in soft slate blue, white and a quiet serif, made for the brow artist and brow bar doing shaping, waxing and everyday appointments. 60 stories for booking open, last minute slots, this or that, polls, FAQ answers, price lists and aftercare reminders. Drag your own brow photos in, change the colours to your brand, export and post. Free Canva works. Instant download, start editing today.",https://avavae.com/product/brow-instagram-story-templates?style=minimal&utm_source=pinterest&utm_medium=organic&utm_campaign=brows&utm_content=ava-w40-p051,2026-10-02T12:09:09,"brow artist instagram, brow instagram story, brow tech instagram story, brow bar instagram, brow instagram highlight cover, brow instagram story ideas, eyebrow instagram story, brow artist instagram story, brow shaping, brow artist instagram templates"
Brow Instagram Feed: Session and Mapping Posts,https://cdn.jsdelivr.net/gh/ilsetanis/ava-vae-pins@main/ava-vae-brow-artist-instagram-posts-w40-6ef60f69.png,Brow Artist Instagram Posts,,"A brow feed that looks as precise as your mapping. Luxury brow Instagram post templates in deep mocha and taupe with editorial spacing, made for microblading, powder and nano brow artists. 60 posts for before and after, healed results, price list, booking open, aftercare steps and client reviews. Swap in your microblading, lamination or shaping photos, type your prices and post, in the free version of Canva. Tap through to see all the layouts.",https://avavae.com/product/brow-instagram-post-templates?style=luxury&utm_source=pinterest&utm_medium=organic&utm_campaign=brows&utm_content=ava-w40-p052,2026-10-02T12:36:32,"pmu instagram post, microblading instagram posts, brow instagram post, permanent makeup instagram, brow instagram feed, pmu instagram post ideas, brow artist instagram, powder brows, brow instagram post ideas, pmu instagram templates"
Brow Instagram Post Ideas: About Us and Brow Lift,https://cdn.jsdelivr.net/gh/ilsetanis/ava-vae-pins@main/ava-vae-brow-artist-instagram-posts-w40-e4d49dd3.png,Brow Artist Instagram Posts,,"Before and after, healed results, prices and reviews, all in one calm brow feed. Minimal brow Instagram post templates in cool blue grey and ivory with lots of calm white space, made for the brow artist and brow bar doing shaping, waxing and everyday appointments. 60 posts for before and after, healed results, price list, booking open, aftercare steps and client reviews. Swap in your microblading, lamination or shaping photos, type your prices and post, in the free version of Canva.",https://avavae.com/product/brow-instagram-post-templates?style=minimal&utm_source=pinterest&utm_medium=organic&utm_campaign=brows&utm_content=ava-w40-p053,2026-10-02T13:13:08,"brow artist instagram, brow instagram post, brow tech instagram, brow instagram feed, eyebrow instagram post, brow bar instagram, brow instagram post ideas, brow artist instagram feed, brow tech instagram post, brow tech instagram templates"
Brow Artist Instagram Posts: Brow Visit Checklist,https://cdn.jsdelivr.net/gh/ilsetanis/ava-vae-pins@main/ava-vae-brow-artist-instagram-posts-w40-ec885036.png,Brow Artist Instagram Posts,,"A brow feed that looks as precise as your mapping. Aesthetic brow Instagram post templates in honey beige tones, close-up brow photography and soft serif type, made for the studio that sells brow lamination and tint on repeat. 60 posts for before and after, healed results, price list, booking open, aftercare steps and client reviews. Swap in your microblading, lamination or shaping photos, type your prices and post, in the free version of Canva. Tap through to see all the layouts.",https://avavae.com/product/brow-instagram-post-templates?style=aesthetic&utm_source=pinterest&utm_medium=organic&utm_campaign=brows&utm_content=ava-w40-p054,2026-10-02T14:29:45,"brow instagram post, brow lamination instagram, brow instagram feed, brow instagram post ideas, lash and brow instagram, brow artist instagram, eyebrow instagram post, brow instagram aesthetic, brow tint instagram, brow tech instagram templates"
Brow Instagram Story Ideas in Warm Caramel and Cream,https://cdn.jsdelivr.net/gh/ilsetanis/ava-vae-pins@main/ava-vae-brow-artist-instagram-story-ideas-w40-4b969b6d.png,Brow Artist Instagram Story Ideas,,"Stories are where brow clients actually book. Aesthetic brow Instagram story templates in warm caramel, soft tan and cream with a delicate serif, made for the studio that sells brow lamination and tint on repeat. 60 stories for booking open, last minute slots, this or that, polls, FAQ answers, price lists and aftercare reminders. Drag your own brow photos in, change the colours to your brand, export and post. Free Canva works. Instant download, start editing today.",https://avavae.com/product/brow-instagram-story-templates?style=aesthetic&utm_source=pinterest&utm_medium=organic&utm_campaign=brows&utm_content=ava-w40-p055,2026-10-02T16:08:42,"brow instagram story, brow lamination instagram story, brow artist instagram, brow instagram story ideas, lash and brow instagram, brow instagram highlight cover, brow instagram aesthetic, brow lamination instagram, brow tech instagram story, brow artist instagram templates"
Brow Bar Instagram Stories in Soft Slate and White,https://cdn.jsdelivr.net/gh/ilsetanis/ava-vae-pins@main/ava-vae-brow-artist-instagram-story-ideas-w40-b9491965.png,Brow Artist Instagram Story Ideas,,"Stories that answer the brow questions before they hit your DMs. Minimal brow Instagram story templates in soft slate blue, white and a quiet serif, made for the brow artist and brow bar doing shaping, waxing and everyday appointments. 60 stories for booking open, last minute slots, this or that, polls, FAQ answers, price lists and aftercare reminders. Drag your own brow photos in, change the colours to your brand, export and post. Free Canva works. Instant download, start editing today.",https://avavae.com/product/brow-instagram-story-templates?style=minimal&utm_source=pinterest&utm_medium=organic&utm_campaign=brows&utm_content=ava-w40-p056,2026-10-02T16:57:12,"brow artist instagram, brow instagram story, brow tech instagram story, brow bar instagram, brow instagram highlight cover, brow instagram story ideas, eyebrow instagram story, brow artist instagram story, brow shaping, brow artist instagram templates"
"Eyebrow Instagram Stories | Booking and Reviews in Caramel, Sand and Soft Serif",https://cdn.jsdelivr.net/gh/ilsetanis/ava-vae-pins@main/ava-vae-brow-artist-instagram-story-ideas-w40-a5cc038c.png,Brow Artist Instagram Story Ideas,,"Open spots, FAQ, price list and aftercare, ready for your stories tonight. Aesthetic brow Instagram story templates in caramel and cream layouts that feel warm and current, made for the studio that sells brow lamination and tint on repeat. 60 stories for booking open, last minute slots, this or that, polls, FAQ answers, price lists and aftercare reminders. Edit on your phone in free Canva, add your own photos and colours, and post. See every layout and style on the page.",https://avavae.com/product/brow-instagram-story-templates?style=aesthetic&utm_source=pinterest&utm_medium=organic&utm_campaign=brows&utm_content=ava-w40-p057,2026-10-02T18:27:09,"brow instagram story, brow lamination instagram story, brow artist instagram, brow instagram story ideas, lash and brow instagram, brow instagram highlight cover, brow instagram aesthetic, brow lamination instagram, brow tech instagram story, brow artist instagram templates"
Brow Artist Instagram Stories | Brow Hours and Open Spots in Espresso and Greige,https://cdn.jsdelivr.net/gh/ilsetanis/ava-vae-pins@main/ava-vae-brow-artist-instagram-story-ideas-w40-e72fdf20.png,Brow Artist Instagram Story Ideas,,"Stories are where brow clients actually book. Luxury brow Instagram story templates in dark cocoa blocks and warm grey that read high-end without shouting, made for microblading, powder and nano brow artists. 60 stories for booking open, last minute slots, this or that, polls, FAQ answers, price lists and aftercare reminders. Edit on your phone in free Canva, add your own photos and colours, and post. See every layout and style on the page.",https://avavae.etsy.com?utm_source=pinterest&utm_medium=organic&utm_campaign=brows&utm_content=ava-w40-p058,2026-10-02T19:34:30,"pmu instagram story, brow instagram story, microblading instagram story, permanent makeup instagram story, brow artist instagram, powder brows, brow lift, brow instagram story ideas, pmu instagram highlight covers, brow artist instagram templates"
Eyebrow Instagram Stories | Brow Journal and Results in Dusty Blue Grey and Ivory,https://cdn.jsdelivr.net/gh/ilsetanis/ava-vae-pins@main/ava-vae-brow-artist-instagram-story-ideas-w40-6c1c469f.png,Brow Artist Instagram Story Ideas,,"Stories that answer the brow questions before they hit your DMs. Minimal brow Instagram story templates in dusty blue grey tones and clean type that let your brow work speak first, made for the brow artist and brow bar doing shaping, waxing and everyday appointments. 60 stories for booking open, last minute slots, this or that, polls, FAQ answers, price lists and aftercare reminders. Edit on your phone in free Canva, add your own photos and colours, and post.",https://avavae.etsy.com?utm_source=pinterest&utm_medium=organic&utm_campaign=brows&utm_content=ava-w40-p059,2026-10-02T19:58:11,"brow artist instagram, brow instagram story, brow tech instagram story, brow bar instagram, brow instagram highlight cover, brow instagram story ideas, eyebrow instagram story, brow artist instagram story, brow shaping, brow artist instagram templates"
Brow Instagram Stories: Ask Me Anything Layouts,https://cdn.jsdelivr.net/gh/ilsetanis/ava-vae-pins@main/ava-vae-brow-artist-instagram-story-ideas-w40-2ce29458.png,Brow Artist Instagram Story Ideas,,"Post between clients, not after midnight. Aesthetic brow Instagram story templates in honey beige tones, close-up brow photography and soft serif type, made for the studio that sells brow lamination and tint on repeat. 60 stories for booking open, last minute slots, this or that, polls, FAQ answers, price lists and aftercare reminders. Swap in your microblading, lamination or shaping photos, type your prices and post, in the free version of Canva. Tap through to see all the layouts.",https://avavae.etsy.com?utm_source=pinterest&utm_medium=organic&utm_campaign=brows&utm_content=ava-w40-p060,2026-10-02T20:52:44,"brow instagram story, brow lamination instagram story, brow artist instagram, brow instagram story ideas, lash and brow instagram, brow instagram highlight cover, brow instagram aesthetic, brow lamination instagram, brow tech instagram story, brow artist instagram templates"
Brow Instagram Story Ideas: Quotes and Testimonials,https://cdn.jsdelivr.net/gh/ilsetanis/ava-vae-pins@main/ava-vae-brow-artist-instagram-story-ideas-w40-ca9d0074.png,Brow Artist Instagram Story Ideas,,"Open spots, FAQ, price list and aftercare, ready for your stories tonight. Minimal brow Instagram story templates in cool blue grey and ivory with lots of calm white space, made for the brow artist and brow bar doing shaping, waxing and everyday appointments. 60 stories for booking open, last minute slots, this or that, polls, FAQ answers, price lists and aftercare reminders. Swap in your microblading, lamination or shaping photos, type your prices and post, in the free version of Canva.",https://avavae.com/product/brow-instagram-story-templates?style=minimal&utm_source=pinterest&utm_medium=organic&utm_campaign=brows&utm_content=ava-w40-p061,2026-10-03T08:58:23,"brow artist instagram, brow instagram story, brow tech instagram story, brow bar instagram, brow instagram highlight cover, brow instagram story ideas, eyebrow instagram story, brow artist instagram story, brow shaping, brow artist instagram templates"
Brow Artist Instagram Posts | Openings Calendar and Services in Deep Mocha and Taupe,https://cdn.jsdelivr.net/gh/ilsetanis/ava-vae-pins@main/ava-vae-brow-artist-instagram-posts-w40-70bd6b0e.png,Brow Artist Instagram Posts,,"Stop rebuilding the same brow post every week. Luxury brow Instagram post templates in dark cocoa blocks and warm grey that read high-end without shouting, made for microblading, powder and nano brow artists. 60 posts for before and after, healed results, price list, booking open, aftercare steps and client reviews. Edit on your phone in free Canva, add your own photos and colours, and post. See every layout and style on the page.",https://avavae.com/product/brow-instagram-post-templates?style=luxury&utm_source=pinterest&utm_medium=organic&utm_campaign=brows&utm_content=ava-w40-p062,2026-10-03T09:52:46,"pmu instagram post, microblading instagram posts, brow instagram post, permanent makeup instagram, brow instagram feed, pmu instagram post ideas, brow artist instagram, powder brows, brow instagram post ideas, pmu instagram templates"
Brow Tech Instagram Stories | Booking and Treatments in Quiet Slate Blue,https://cdn.jsdelivr.net/gh/ilsetanis/ava-vae-pins@main/ava-vae-brow-artist-instagram-story-ideas-w40-51a6f237.png,Brow Artist Instagram Story Ideas,,"Post between clients, not after midnight. Minimal brow Instagram story templates in dusty blue grey tones and clean type that let your brow work speak first, made for the brow artist and brow bar doing shaping, waxing and everyday appointments. 60 stories for booking open, last minute slots, this or that, polls, FAQ answers, price lists and aftercare reminders. Edit on your phone in free Canva, add your own photos and colours, and post. See every layout and style on the page.",https://avavae.com/product/brow-instagram-story-templates?style=minimal&utm_source=pinterest&utm_medium=organic&utm_campaign=brows&utm_content=ava-w40-p063,2026-10-03T11:39:18,"brow artist instagram, brow instagram story, brow tech instagram story, brow bar instagram, brow instagram highlight cover, brow instagram story ideas, eyebrow instagram story, brow artist instagram story, brow shaping, brow artist instagram templates"
PMU Instagram Stories in Espresso and Greige,https://cdn.jsdelivr.net/gh/ilsetanis/ava-vae-pins@main/ava-vae-brow-artist-instagram-story-ideas-w40-d3777026.png,Brow Artist Instagram Story Ideas,,"Stories are where brow clients actually book. Luxury brow Instagram story templates in espresso brown, greige and bold uppercase type, made for microblading, powder and nano brow artists. 60 stories for booking open, last minute slots, this or that, polls, FAQ answers, price lists and aftercare reminders. Drag your own brow photos in, change the colours to your brand, export and post. Free Canva works. Instant download, start editing today.",https://avavae.com/product/brow-instagram-story-templates?style=luxury&utm_source=pinterest&utm_medium=organic&utm_campaign=brows&utm_content=ava-w40-p064,2026-10-03T12:48:56,"pmu instagram story, brow instagram story, microblading instagram story, permanent makeup instagram story, brow artist instagram, powder brows, brow lift, brow instagram story ideas, pmu instagram highlight covers, brow artist instagram templates"
Brow Instagram Post Ideas | This or That and Testimonials in Deep Mocha and Taupe,https://cdn.jsdelivr.net/gh/ilsetanis/ava-vae-pins@main/ava-vae-brow-artist-instagram-posts-w40-40ffa702.png,Brow Artist Instagram Posts,,"Before and after, healed results, prices and reviews, all in one calm brow feed. Luxury brow Instagram post templates in dark cocoa blocks and warm grey that read high-end without shouting, made for microblading, powder and nano brow artists. 60 posts for before and after, healed results, price list, booking open, aftercare steps and client reviews. Edit on your phone in free Canva, add your own photos and colours, and post. See every layout and style on the page.",https://avavae.com/product/brow-instagram-post-templates?style=luxury&utm_source=pinterest&utm_medium=organic&utm_campaign=brows&utm_content=ava-w40-p065,2026-10-03T14:16:42,"pmu instagram post, microblading instagram posts, brow instagram post, permanent makeup instagram, brow instagram feed, pmu instagram post ideas, brow artist instagram, powder brows, brow instagram post ideas, pmu instagram templates"
Brow Bar Instagram Stories in Dusty Blue Grey and Ivory,https://cdn.jsdelivr.net/gh/ilsetanis/ava-vae-pins@main/ava-vae-brow-artist-instagram-story-ideas-w40-71988519.png,Brow Artist Instagram Story Ideas,,"Fill last minute brow slots without designing a thing. Minimal brow Instagram story templates in soft slate blue, white and a quiet serif, made for the brow artist and brow bar doing shaping, waxing and everyday appointments. 60 stories for booking open, last minute slots, this or that, polls, FAQ answers, price lists and aftercare reminders. Drag your own brow photos in, change the colours to your brand, export and post. Free Canva works. Instant download, start editing today.",https://avavae.com/product/brow-instagram-story-templates?style=minimal&utm_source=pinterest&utm_medium=organic&utm_campaign=brows&utm_content=ava-w40-p066,2026-10-03T14:48:58,"brow artist instagram, brow instagram story, brow tech instagram story, brow bar instagram, brow instagram highlight cover, brow instagram story ideas, eyebrow instagram story, brow artist instagram story, brow shaping, brow artist instagram templates"
Lash and Brow Instagram Posts in Warm Caramel and Cream,https://cdn.jsdelivr.net/gh/ilsetanis/ava-vae-pins@main/ava-vae-brow-artist-instagram-posts-w40-e741b8d9.png,Brow Artist Instagram Posts,,"Before and after, healed results, prices and reviews, all in one calm brow feed. Aesthetic brow Instagram post templates in warm caramel, soft tan and cream with a delicate serif, made for the studio that sells brow lamination and tint on repeat. 60 posts for before and after, healed results, price list, booking open, aftercare steps and client reviews. Drag your own brow photos in, change the colours to your brand, export and post. Free Canva works. Instant download, start editing today.",https://avavae.com/product/brow-instagram-post-templates?style=aesthetic&utm_source=pinterest&utm_medium=organic&utm_campaign=brows&utm_content=ava-w40-p067,2026-10-03T16:13:30,"brow instagram post, brow lamination instagram, brow instagram feed, brow instagram post ideas, lash and brow instagram, brow artist instagram, eyebrow instagram post, brow instagram aesthetic, brow tint instagram, brow tech instagram templates"
Brow Bar Instagram Feed in Quiet Slate Blue,https://cdn.jsdelivr.net/gh/ilsetanis/ava-vae-pins@main/ava-vae-brow-artist-instagram-posts-w40-b0146640.png,Brow Artist Instagram Posts,,"Your brows are already the proof. Your feed should look like it. Minimal brow Instagram post templates in soft slate blue, white and a quiet serif, made for the brow artist and brow bar doing shaping, waxing and everyday appointments. 60 posts for before and after, healed results, price list, booking open, aftercare steps and client reviews. Drag your own brow photos in, change the colours to your brand, export and post. Free Canva works. Instant download, start editing today.",https://avavae.etsy.com?utm_source=pinterest&utm_medium=organic&utm_campaign=brows&utm_content=ava-w40-p068,2026-10-03T16:34:39,"brow artist instagram, brow instagram post, brow tech instagram, brow instagram feed, eyebrow instagram post, brow bar instagram, brow instagram post ideas, brow artist instagram feed, brow tech instagram post, brow tech instagram templates"
Brow Bar Instagram Stories in Cool Blue Grey and White,https://cdn.jsdelivr.net/gh/ilsetanis/ava-vae-pins@main/ava-vae-brow-artist-instagram-story-ideas-w40-e88687f6.png,Brow Artist Instagram Story Ideas,,"Post between clients, not after midnight. Minimal brow Instagram story templates in soft slate blue, white and a quiet serif, made for the brow artist and brow bar doing shaping, waxing and everyday appointments. 60 stories for booking open, last minute slots, this or that, polls, FAQ answers, price lists and aftercare reminders. Drag your own brow photos in, change the colours to your brand, export and post. Free Canva works. Instant download, start editing today.",https://avavae.etsy.com?utm_source=pinterest&utm_medium=organic&utm_campaign=brows&utm_content=ava-w40-p069,2026-10-03T18:21:12,"brow artist instagram, brow instagram story, brow tech instagram story, brow bar instagram, brow instagram highlight cover, brow instagram story ideas, eyebrow instagram story, brow artist instagram story, brow shaping, brow artist instagram templates"
Permanent Makeup Instagram Stories in Espresso and Greige,https://cdn.jsdelivr.net/gh/ilsetanis/ava-vae-pins@main/ava-vae-brow-artist-instagram-story-ideas-w40-b37f1ed1.png,Brow Artist Instagram Story Ideas,,"Stories that answer the brow questions before they hit your DMs. Luxury brow Instagram story templates in espresso brown, greige and bold uppercase type, made for microblading, powder and nano brow artists. 60 stories for booking open, last minute slots, this or that, polls, FAQ answers, price lists and aftercare reminders. Drag your own brow photos in, change the colours to your brand, export and post. Free Canva works. Instant download, start editing today.",https://avavae.etsy.com?utm_source=pinterest&utm_medium=organic&utm_campaign=brows&utm_content=ava-w40-p070,2026-10-03T19:02:07,"pmu instagram story, brow instagram story, microblading instagram story, permanent makeup instagram story, brow artist instagram, powder brows, brow lift, brow instagram story ideas, pmu instagram highlight covers, brow artist instagram templates"
Brow Instagram Post Ideas in Warm Caramel and Cream,https://cdn.jsdelivr.net/gh/ilsetanis/ava-vae-pins@main/ava-vae-brow-artist-instagram-posts-w40-0d70ec4b.png,Brow Artist Instagram Posts,,"Your brows are already the proof. Your feed should look like it. Aesthetic brow Instagram post templates in warm caramel, soft tan and cream with a delicate serif, made for the studio that sells brow lamination and tint on repeat. 60 posts for before and after, healed results, price list, booking open, aftercare steps and client reviews. Drag your own brow photos in, change the colours to your brand, export and post. Free Canva works. Instant download, start editing today.",https://avavae.com/product/brow-instagram-post-templates?style=aesthetic&utm_source=pinterest&utm_medium=organic&utm_campaign=brows&utm_content=ava-w40-p071,2026-10-03T19:31:25,"brow instagram post, brow lamination instagram, brow instagram feed, brow instagram post ideas, lash and brow instagram, brow artist instagram, eyebrow instagram post, brow instagram aesthetic, brow tint instagram, brow tech instagram templates"
Brow Artist Instagram Posts in Cool Blue Grey and White,https://cdn.jsdelivr.net/gh/ilsetanis/ava-vae-pins@main/ava-vae-brow-artist-instagram-posts-w40-e6118615.png,Brow Artist Instagram Posts,,"Stop rebuilding the same brow post every week. Minimal brow Instagram post templates in soft slate blue, white and a quiet serif, made for the brow artist and brow bar doing shaping, waxing and everyday appointments. 60 posts for before and after, healed results, price list, booking open, aftercare steps and client reviews. Drag your own brow photos in, change the colours to your brand, export and post. Free Canva works. Instant download, start editing today.",https://avavae.com/product/brow-instagram-post-templates?style=minimal&utm_source=pinterest&utm_medium=organic&utm_campaign=brows&utm_content=ava-w40-p072,2026-10-03T20:03:45,"brow artist instagram, brow instagram post, brow tech instagram, brow instagram feed, eyebrow instagram post, brow bar instagram, brow instagram post ideas, brow artist instagram feed, brow tech instagram post, brow tech instagram templates"
"Eyebrow Instagram Post Ideas | Offer, Journey and Reviews in Warm Caramel and Cream",https://cdn.jsdelivr.net/gh/ilsetanis/ava-vae-pins@main/ava-vae-brow-artist-instagram-posts-w40-9f7fd41f.png,Brow Artist Instagram Posts,,"Your brows are already the proof. Your feed should look like it. Aesthetic brow Instagram post templates in caramel and cream layouts that feel warm and current, made for the studio that sells brow lamination and tint on repeat. 60 posts for before and after, healed results, price list, booking open, aftercare steps and client reviews. Edit on your phone in free Canva, add your own photos and colours, and post. See every layout and style on the page.",https://avavae.com/product/brow-instagram-post-templates?style=aesthetic&utm_source=pinterest&utm_medium=organic&utm_campaign=brows&utm_content=ava-w40-p073,2026-10-04T08:12:27,"brow instagram post, brow lamination instagram, brow instagram feed, brow instagram post ideas, lash and brow instagram, brow artist instagram, eyebrow instagram post, brow instagram aesthetic, brow tint instagram, brow tech instagram templates"
"Brow Instagram Stories: FAQ, Services and Process",https://cdn.jsdelivr.net/gh/ilsetanis/ava-vae-pins@main/ava-vae-brow-artist-instagram-story-ideas-w40-9d024b84.png,Brow Artist Instagram Story Ideas,,"Stories are where brow clients actually book. Aesthetic brow Instagram story templates in honey beige tones, close-up brow photography and soft serif type, made for the studio that sells brow lamination and tint on repeat. 60 stories for booking open, last minute slots, this or that, polls, FAQ answers, price lists and aftercare reminders. Swap in your microblading, lamination or shaping photos, type your prices and post, in the free version of Canva. Tap through to see all the layouts.",https://avavae.com/product/brow-instagram-story-templates?style=aesthetic&utm_source=pinterest&utm_medium=organic&utm_campaign=brows&utm_content=ava-w40-p074,2026-10-04T08:58:58,"brow instagram story, brow lamination instagram story, brow artist instagram, brow instagram story ideas, lash and brow instagram, brow instagram highlight cover, brow instagram aesthetic, brow lamination instagram, brow tech instagram story, brow artist instagram templates"
PMU Instagram Post Ideas in Deep Mocha and Taupe,https://cdn.jsdelivr.net/gh/ilsetanis/ava-vae-pins@main/ava-vae-brow-artist-instagram-posts-w40-628dd1d4.png,Brow Artist Instagram Posts,,"Stop rebuilding the same brow post every week. Luxury brow Instagram post templates in espresso brown, greige and bold uppercase type, made for microblading, powder and nano brow artists. 60 posts for before and after, healed results, price list, booking open, aftercare steps and client reviews. Drag your own brow photos in, change the colours to your brand, export and post. Free Canva works. Instant download, start editing today.",https://avavae.com/product/brow-instagram-post-templates?style=luxury&utm_source=pinterest&utm_medium=organic&utm_campaign=brows&utm_content=ava-w40-p075,2026-10-04T10:32:31,"pmu instagram post, microblading instagram posts, brow instagram post, permanent makeup instagram, brow instagram feed, pmu instagram post ideas, brow artist instagram, powder brows, brow instagram post ideas, pmu instagram templates"
PMU Instagram Stories in Espresso Brown and Stone,https://cdn.jsdelivr.net/gh/ilsetanis/ava-vae-pins@main/ava-vae-brow-artist-instagram-story-ideas-w40-14b5eac7.png,Brow Artist Instagram Story Ideas,,"Open spots, FAQ, price list and aftercare, ready for your stories tonight. Luxury brow Instagram story templates in espresso brown, greige and bold uppercase type, made for microblading, powder and nano brow artists. 60 stories for booking open, last minute slots, this or that, polls, FAQ answers, price lists and aftercare reminders. Drag your own brow photos in, change the colours to your brand, export and post. Free Canva works. Instant download, start editing today.",https://avavae.com/product/brow-instagram-story-templates?style=luxury&utm_source=pinterest&utm_medium=organic&utm_campaign=brows&utm_content=ava-w40-p076,2026-10-04T11:27:15,"pmu instagram story, brow instagram story, microblading instagram story, permanent makeup instagram story, brow artist instagram, powder brows, brow lift, brow instagram story ideas, pmu instagram highlight covers, brow artist instagram templates"
Brow Instagram Post Ideas in Soft Tan and Honey,https://cdn.jsdelivr.net/gh/ilsetanis/ava-vae-pins@main/ava-vae-brow-artist-instagram-posts-w40-9a7880f7.png,Brow Artist Instagram Posts,,"Stop rebuilding the same brow post every week. Aesthetic brow Instagram post templates in warm caramel, soft tan and cream with a delicate serif, made for the studio that sells brow lamination and tint on repeat. 60 posts for before and after, healed results, price list, booking open, aftercare steps and client reviews. Drag your own brow photos in, change the colours to your brand, export and post. Free Canva works. Instant download, start editing today.",https://avavae.com/product/brow-instagram-post-templates?style=aesthetic&utm_source=pinterest&utm_medium=organic&utm_campaign=brows&utm_content=ava-w40-p077,2026-10-04T12:33:30,"brow instagram post, brow lamination instagram, brow instagram feed, brow instagram post ideas, lash and brow instagram, brow artist instagram, eyebrow instagram post, brow instagram aesthetic, brow tint instagram, brow tech instagram templates"
Brow Lamination Instagram Stories: Healing and Retouch Stories,https://cdn.jsdelivr.net/gh/ilsetanis/ava-vae-pins@main/ava-vae-brow-artist-instagram-story-ideas-w40-d199b365.png,Brow Artist Instagram Story Ideas,,"Fill last minute brow slots without designing a thing. Aesthetic brow Instagram story templates in honey beige tones, close-up brow photography and soft serif type, made for the studio that sells brow lamination and tint on repeat. 60 stories for booking open, last minute slots, this or that, polls, FAQ answers, price lists and aftercare reminders. Swap in your microblading, lamination or shaping photos, type your prices and post, in the free version of Canva. Tap through to see all the layouts.",https://avavae.etsy.com?utm_source=pinterest&utm_medium=organic&utm_campaign=brows&utm_content=ava-w40-p078,2026-10-04T13:24:27,"brow instagram story, brow lamination instagram story, brow artist instagram, brow instagram story ideas, lash and brow instagram, brow instagram highlight cover, brow instagram aesthetic, brow lamination instagram, brow tech instagram story, brow artist instagram templates"
Brow Instagram Story Ideas: Q&A and Results,https://cdn.jsdelivr.net/gh/ilsetanis/ava-vae-pins@main/ava-vae-brow-artist-instagram-story-ideas-w40-576cfa77.png,Brow Artist Instagram Story Ideas,,"Fill last minute brow slots without designing a thing. Luxury brow Instagram story templates in deep mocha and taupe with editorial spacing, made for microblading, powder and nano brow artists. 60 stories for booking open, last minute slots, this or that, polls, FAQ answers, price lists and aftercare reminders. Swap in your microblading, lamination or shaping photos, type your prices and post, in the free version of Canva. Tap through to see all the layouts.",https://avavae.etsy.com?utm_source=pinterest&utm_medium=organic&utm_campaign=brows&utm_content=ava-w40-p079,2026-10-04T13:47:30,"pmu instagram story, brow instagram story, microblading instagram story, permanent makeup instagram story, brow artist instagram, powder brows, brow lift, brow instagram story ideas, pmu instagram highlight covers, brow artist instagram templates"
"Eyebrow Instagram Stories | FAQ, Services and Process in Warm Caramel and Cream",https://cdn.jsdelivr.net/gh/ilsetanis/ava-vae-pins@main/ava-vae-brow-artist-instagram-story-ideas-w40-67628b2e.png,Brow Artist Instagram Story Ideas,,"Stories are where brow clients actually book. Aesthetic brow Instagram story templates in caramel and cream layouts that feel warm and current, made for the studio that sells brow lamination and tint on repeat. 60 stories for booking open, last minute slots, this or that, polls, FAQ answers, price lists and aftercare reminders. Edit on your phone in free Canva, add your own photos and colours, and post. See every layout and style on the page.",https://avavae.etsy.com?utm_source=pinterest&utm_medium=organic&utm_campaign=brows&utm_content=ava-w40-p080,2026-10-04T14:13:09,"brow instagram story, brow lamination instagram story, brow artist instagram, brow instagram story ideas, lash and brow instagram, brow instagram highlight cover, brow instagram aesthetic, brow lamination instagram, brow tech instagram story, brow artist instagram templates"
Eyebrow Instagram Posts: Brow Shaping and Reviews,https://cdn.jsdelivr.net/gh/ilsetanis/ava-vae-pins@main/ava-vae-brow-artist-instagram-posts-w40-f875486f.png,Brow Artist Instagram Posts,,"A brow feed that looks as precise as your mapping. Minimal brow Instagram post templates in cool blue grey and ivory with lots of calm white space, made for the brow artist and brow bar doing shaping, waxing and everyday appointments. 60 posts for before and after, healed results, price list, booking open, aftercare steps and client reviews. Swap in your microblading, lamination or shaping photos, type your prices and post, in the free version of Canva. Tap through to see all the layouts.",https://avavae.com/product/brow-instagram-post-templates?style=minimal&utm_source=pinterest&utm_medium=organic&utm_campaign=brows&utm_content=ava-w40-p081,2026-10-04T15:47:21,"brow artist instagram, brow instagram post, brow tech instagram, brow instagram feed, eyebrow instagram post, brow bar instagram, brow instagram post ideas, brow artist instagram feed, brow tech instagram post, brow tech instagram templates"
Brow Instagram Highlight Ideas: Price List and Brow Care,https://cdn.jsdelivr.net/gh/ilsetanis/ava-vae-pins@main/ava-vae-brow-artist-instagram-story-ideas-w40-6f40b28c.png,Brow Artist Instagram Story Ideas,,"Stories are where brow clients actually book. Minimal brow Instagram story templates in cool blue grey and ivory with lots of calm white space, made for the brow artist and brow bar doing shaping, waxing and everyday appointments. 60 stories for booking open, last minute slots, this or that, polls, FAQ answers, price lists and aftercare reminders. Swap in your microblading, lamination or shaping photos, type your prices and post, in the free version of Canva. Tap through to see all the layouts.",https://avavae.com/product/brow-instagram-story-templates?style=minimal&utm_source=pinterest&utm_medium=organic&utm_campaign=brows&utm_content=ava-w40-p082,2026-10-04T16:32:35,"brow artist instagram, brow instagram story, brow tech instagram story, brow bar instagram, brow instagram highlight cover, brow instagram story ideas, eyebrow instagram story, brow artist instagram story, brow shaping, brow artist instagram templates"
Brow Instagram Story Ideas in Soft Tan and Honey,https://cdn.jsdelivr.net/gh/ilsetanis/ava-vae-pins@main/ava-vae-brow-artist-instagram-story-ideas-w40-ef19a126.png,Brow Artist Instagram Story Ideas,,"Fill last minute brow slots without designing a thing. Aesthetic brow Instagram story templates in warm caramel, soft tan and cream with a delicate serif, made for the studio that sells brow lamination and tint on repeat. 60 stories for booking open, last minute slots, this or that, polls, FAQ answers, price lists and aftercare reminders. Drag your own brow photos in, change the colours to your brand, export and post. Free Canva works. Instant download, start editing today.",https://avavae.com/product/brow-instagram-story-templates?style=aesthetic&utm_source=pinterest&utm_medium=organic&utm_campaign=brows&utm_content=ava-w40-p083,2026-10-04T17:28:48,"brow instagram story, brow lamination instagram story, brow artist instagram, brow instagram story ideas, lash and brow instagram, brow instagram highlight cover, brow instagram aesthetic, brow lamination instagram, brow tech instagram story, brow artist instagram templates"
Brow Artist Instagram Stories in Cool Blue Grey and White,https://cdn.jsdelivr.net/gh/ilsetanis/ava-vae-pins@main/ava-vae-brow-artist-instagram-story-ideas-w40-8ac51e52.png,Brow Artist Instagram Story Ideas,,"Fill last minute brow slots without designing a thing. Minimal brow Instagram story templates in soft slate blue, white and a quiet serif, made for the brow artist and brow bar doing shaping, waxing and everyday appointments. 60 stories for booking open, last minute slots, this or that, polls, FAQ answers, price lists and aftercare reminders. Drag your own brow photos in, change the colours to your brand, export and post. Free Canva works. Instant download, start editing today.",https://avavae.com/product/brow-instagram-story-templates?style=minimal&utm_source=pinterest&utm_medium=organic&utm_campaign=brows&utm_content=ava-w40-p084,2026-10-04T18:22:47,"brow artist instagram, brow instagram story, brow tech instagram story, brow bar instagram, brow instagram highlight cover, brow instagram story ideas, eyebrow instagram story, brow artist instagram story, brow shaping, brow artist instagram templates"
Lash and Brow Instagram Stories in Soft Tan and Honey,https://cdn.jsdelivr.net/gh/ilsetanis/ava-vae-pins@main/ava-vae-brow-artist-instagram-story-ideas-w40-cbec7455.png,Brow Artist Instagram Story Ideas,,"Post between clients, not after midnight. Aesthetic brow Instagram story templates in warm caramel, soft tan and cream with a delicate serif, made for the studio that sells brow lamination and tint on repeat. 60 stories for booking open, last minute slots, this or that, polls, FAQ answers, price lists and aftercare reminders. Drag your own brow photos in, change the colours to your brand, export and post. Free Canva works. Instant download, start editing today.",https://avavae.com/product/brow-instagram-story-templates?style=aesthetic&utm_source=pinterest&utm_medium=organic&utm_campaign=brows&utm_content=ava-w40-p085,2026-10-04T19:14:34,"brow instagram story, brow lamination instagram story, brow artist instagram, brow instagram story ideas, lash and brow instagram, brow instagram highlight cover, brow instagram aesthetic, brow lamination instagram, brow tech instagram story, brow artist instagram templates"
Microblading Instagram Stories | Booking Alerts and Tips in Espresso and Greige,https://cdn.jsdelivr.net/gh/ilsetanis/ava-vae-pins@main/ava-vae-brow-artist-instagram-story-ideas-w40-d6cc2712.png,Brow Artist Instagram Story Ideas,,"Open spots, FAQ, price list and aftercare, ready for your stories tonight. Luxury brow Instagram story templates in dark cocoa blocks and warm grey that read high-end without shouting, made for microblading, powder and nano brow artists. 60 stories for booking open, last minute slots, this or that, polls, FAQ answers, price lists and aftercare reminders. Edit on your phone in free Canva, add your own photos and colours, and post. See every layout and style on the page.",https://avavae.com/product/brow-instagram-story-templates?style=luxury&utm_source=pinterest&utm_medium=organic&utm_campaign=brows&utm_content=ava-w40-p086,2026-10-05T06:12:42,"pmu instagram story, brow instagram story, microblading instagram story, permanent makeup instagram story, brow artist instagram, powder brows, brow lift, brow instagram story ideas, pmu instagram highlight covers, brow artist instagram templates"
Brow Instagram Post Ideas: Brow Care and Booking,https://cdn.jsdelivr.net/gh/ilsetanis/ava-vae-pins@main/ava-vae-brow-artist-instagram-posts-w40-f4284ae1.png,Brow Artist Instagram Posts,,"Stop rebuilding the same brow post every week. Minimal brow Instagram post templates in cool blue grey and ivory with lots of calm white space, made for the brow artist and brow bar doing shaping, waxing and everyday appointments. 60 posts for before and after, healed results, price list, booking open, aftercare steps and client reviews. Swap in your microblading, lamination or shaping photos, type your prices and post, in the free version of Canva. Tap through to see all the layouts.",https://avavae.com/product/brow-instagram-post-templates?style=minimal&utm_source=pinterest&utm_medium=organic&utm_campaign=brows&utm_content=ava-w40-p087,2026-10-05T08:21:56,"brow artist instagram, brow instagram post, brow tech instagram, brow instagram feed, eyebrow instagram post, brow bar instagram, brow instagram post ideas, brow artist instagram feed, brow tech instagram post, brow tech instagram templates"
Brow Tech Instagram Stories | Quotes and Testimonials in Soft Slate and White,https://cdn.jsdelivr.net/gh/ilsetanis/ava-vae-pins@main/ava-vae-brow-artist-instagram-story-ideas-w40-2fcc572a.png,Brow Artist Instagram Story Ideas,,"Open spots, FAQ, price list and aftercare, ready for your stories tonight. Minimal brow Instagram story templates in dusty blue grey tones and clean type that let your brow work speak first, made for the brow artist and brow bar doing shaping, waxing and everyday appointments. 60 stories for booking open, last minute slots, this or that, polls, FAQ answers, price lists and aftercare reminders. Edit on your phone in free Canva, add your own photos and colours, and post.",https://avavae.etsy.com?utm_source=pinterest&utm_medium=organic&utm_campaign=brows&utm_content=ava-w40-p088,2026-10-05T08:48:42,"brow artist instagram, brow instagram story, brow tech instagram story, brow bar instagram, brow instagram highlight cover, brow instagram story ideas, eyebrow instagram story, brow artist instagram story, brow shaping, brow artist instagram templates"
"Brow Instagram Story Ideas in Caramel, Sand and Soft Serif",https://cdn.jsdelivr.net/gh/ilsetanis/ava-vae-pins@main/ava-vae-brow-artist-instagram-story-ideas-w40-b7c05e65.png,Brow Artist Instagram Story Ideas,,"Open spots, FAQ, price list and aftercare, ready for your stories tonight. Aesthetic brow Instagram story templates in warm caramel, soft tan and cream with a delicate serif, made for the studio that sells brow lamination and tint on repeat. 60 stories for booking open, last minute slots, this or that, polls, FAQ answers, price lists and aftercare reminders. Drag your own brow photos in, change the colours to your brand, export and post. Free Canva works. Instant download, start editing today.",https://avavae.etsy.com?utm_source=pinterest&utm_medium=organic&utm_campaign=brows&utm_content=ava-w40-p089,2026-10-05T09:58:33,"brow instagram story, brow lamination instagram story, brow artist instagram, brow instagram story ideas, lash and brow instagram, brow instagram highlight cover, brow instagram aesthetic, brow lamination instagram, brow tech instagram story, brow artist instagram templates"
Lash and Brow Instagram Stories: Brow Hours and Open Spots,https://cdn.jsdelivr.net/gh/ilsetanis/ava-vae-pins@main/ava-vae-brow-artist-instagram-story-ideas-w40-e62d9246.png,Brow Artist Instagram Story Ideas,,"Stories are where brow clients actually book. Luxury brow Instagram story templates in deep mocha and taupe with editorial spacing, made for microblading, powder and nano brow artists. 60 stories for booking open, last minute slots, this or that, polls, FAQ answers, price lists and aftercare reminders. Swap in your microblading, lamination or shaping photos, type your prices and post, in the free version of Canva. Tap through to see all the layouts.",https://avavae.etsy.com?utm_source=pinterest&utm_medium=organic&utm_campaign=brows&utm_content=ava-w40-p090,2026-10-05T10:42:25,"pmu instagram story, brow instagram story, microblading instagram story, permanent makeup instagram story, brow artist instagram, powder brows, brow lift, brow instagram story ideas, pmu instagram highlight covers, brow artist instagram templates"
Brow Instagram Post Ideas | Session and Mapping Posts in Espresso Brown and Stone,https://cdn.jsdelivr.net/gh/ilsetanis/ava-vae-pins@main/ava-vae-brow-artist-instagram-posts-w40-3337e3ef.png,Brow Artist Instagram Posts,,"A brow feed that looks as precise as your mapping. Luxury brow Instagram post templates in dark cocoa blocks and warm grey that read high-end without shouting, made for microblading, powder and nano brow artists. 60 posts for before and after, healed results, price list, booking open, aftercare steps and client reviews. Edit on your phone in free Canva, add your own photos and colours, and post. See every layout and style on the page.",https://avavae.com/product/brow-instagram-post-templates?style=luxury&utm_source=pinterest&utm_medium=organic&utm_campaign=brows&utm_content=ava-w40-p091,2026-10-05T12:18:43,"pmu instagram post, microblading instagram posts, brow instagram post, permanent makeup instagram, brow instagram feed, pmu instagram post ideas, brow artist instagram, powder brows, brow instagram post ideas, pmu instagram templates"
Brow Instagram Highlight Ideas: Appointment and Healing,https://cdn.jsdelivr.net/gh/ilsetanis/ava-vae-pins@main/ava-vae-brow-artist-instagram-story-ideas-w40-5faec96c.png,Brow Artist Instagram Story Ideas,,"Fill last minute brow slots without designing a thing. Minimal brow Instagram story templates in cool blue grey and ivory with lots of calm white space, made for the brow artist and brow bar doing shaping, waxing and everyday appointments. 60 stories for booking open, last minute slots, this or that, polls, FAQ answers, price lists and aftercare reminders. Swap in your microblading, lamination or shaping photos, type your prices and post, in the free version of Canva.",https://avavae.com/product/brow-instagram-story-templates?style=minimal&utm_source=pinterest&utm_medium=organic&utm_campaign=brows&utm_content=ava-w40-p092,2026-10-05T14:36:51,"brow artist instagram, brow instagram story, brow tech instagram story, brow bar instagram, brow instagram highlight cover, brow instagram story ideas, eyebrow instagram story, brow artist instagram story, brow shaping, brow artist instagram templates"
Microblading Instagram Posts: Brow Lift and Artistry,https://cdn.jsdelivr.net/gh/ilsetanis/ava-vae-pins@main/ava-vae-brow-artist-instagram-posts-w40-3829b7d5.png,Brow Artist Instagram Posts,,"Your feed should book clients while you are mapping the next set of brows. Luxury brow Instagram post templates in deep mocha and taupe with editorial spacing, made for microblading, powder and nano brow artists. 60 posts for before and after, healed results, price list, booking open, aftercare steps and client reviews. Swap in your microblading, lamination or shaping photos, type your prices and post, in the free version of Canva. Tap through to see all the layouts.",https://avavae.com/product/brow-instagram-post-templates?style=luxury&utm_source=pinterest&utm_medium=organic&utm_campaign=brows&utm_content=ava-w40-p093,2026-10-05T15:29:42,"pmu instagram post, microblading instagram posts, brow instagram post, permanent makeup instagram, brow instagram feed, pmu instagram post ideas, brow artist instagram, powder brows, brow instagram post ideas, pmu instagram templates"
Eyebrow Instagram Stories | Price List and Brow Care in Soft Slate and White,https://cdn.jsdelivr.net/gh/ilsetanis/ava-vae-pins@main/ava-vae-brow-artist-instagram-story-ideas-w40-e7c3285a.png,Brow Artist Instagram Story Ideas,,"Stories are where brow clients actually book. Minimal brow Instagram story templates in dusty blue grey tones and clean type that let your brow work speak first, made for the brow artist and brow bar doing shaping, waxing and everyday appointments. 60 stories for booking open, last minute slots, this or that, polls, FAQ answers, price lists and aftercare reminders. Edit on your phone in free Canva, add your own photos and colours, and post. See every layout and style on the page.",https://avavae.com/product/brow-instagram-story-templates?style=minimal&utm_source=pinterest&utm_medium=organic&utm_campaign=brows&utm_content=ava-w40-p094,2026-10-05T16:01:19,"brow artist instagram, brow instagram story, brow tech instagram story, brow bar instagram, brow instagram highlight cover, brow instagram story ideas, eyebrow instagram story, brow artist instagram story, brow shaping, brow artist instagram templates"
Brow Bar Instagram Feed in Cool Blue Grey and White,https://cdn.jsdelivr.net/gh/ilsetanis/ava-vae-pins@main/ava-vae-brow-artist-instagram-posts-w40-f23d0a52.png,Brow Artist Instagram Posts,,"A brow feed that looks as precise as your mapping. Minimal brow Instagram post templates in soft slate blue, white and a quiet serif, made for the brow artist and brow bar doing shaping, waxing and everyday appointments. 60 posts for before and after, healed results, price list, booking open, aftercare steps and client reviews. Drag your own brow photos in, change the colours to your brand, export and post. Free Canva works. Instant download, start editing today.",https://avavae.com/product/brow-instagram-post-templates?style=minimal&utm_source=pinterest&utm_medium=organic&utm_campaign=brows&utm_content=ava-w40-p095,2026-10-05T16:22:09,"brow artist instagram, brow instagram post, brow tech instagram, brow instagram feed, eyebrow instagram post, brow bar instagram, brow instagram post ideas, brow artist instagram feed, brow tech instagram post, brow tech instagram templates"
Brow Instagram Highlight Ideas: Quotes and Testimonials,https://cdn.jsdelivr.net/gh/ilsetanis/ava-vae-pins@main/ava-vae-brow-artist-instagram-story-ideas-w40-e1d551b9.png,Brow Artist Instagram Story Ideas,,"Open spots, FAQ, price list and aftercare, ready for your stories tonight. Minimal brow Instagram story templates in cool blue grey and ivory with lots of calm white space, made for the brow artist and brow bar doing shaping, waxing and everyday appointments. 60 stories for booking open, last minute slots, this or that, polls, FAQ answers, price lists and aftercare reminders. Swap in your microblading, lamination or shaping photos, type your prices and post, in the free version of Canva.",https://avavae.com/product/brow-instagram-story-templates?style=minimal&utm_source=pinterest&utm_medium=organic&utm_campaign=brows&utm_content=ava-w40-p096,2026-10-05T16:51:22,"brow artist instagram, brow instagram story, brow tech instagram story, brow bar instagram, brow instagram highlight cover, brow instagram story ideas, eyebrow instagram story, brow artist instagram story, brow shaping, brow artist instagram templates"
Brow Instagram Feed: Healed Results and Aftercare,https://cdn.jsdelivr.net/gh/ilsetanis/ava-vae-pins@main/ava-vae-brow-artist-instagram-posts-w40-c7a41448.png,Brow Artist Instagram Posts,,"Your brows are already the proof. Your feed should look like it. Luxury brow Instagram post templates in deep mocha and taupe with editorial spacing, made for microblading, powder and nano brow artists. 60 posts for before and after, healed results, price list, booking open, aftercare steps and client reviews. Swap in your microblading, lamination or shaping photos, type your prices and post, in the free version of Canva. Tap through to see all the layouts.",https://avavae.com/product/brow-instagram-post-templates?style=luxury&utm_source=pinterest&utm_medium=organic&utm_campaign=brows&utm_content=ava-w40-p097,2026-10-05T17:39:27,"pmu instagram post, microblading instagram posts, brow instagram post, permanent makeup instagram, brow instagram feed, pmu instagram post ideas, brow artist instagram, powder brows, brow instagram post ideas, pmu instagram templates"
"Eyebrow Instagram Posts: Pricing, FAQ and Studio",https://cdn.jsdelivr.net/gh/ilsetanis/ava-vae-pins@main/ava-vae-brow-artist-instagram-posts-w40-51dd7d05.png,Brow Artist Instagram Posts,,"Your brows are already the proof. Your feed should look like it. Minimal brow Instagram post templates in cool blue grey and ivory with lots of calm white space, made for the brow artist and brow bar doing shaping, waxing and everyday appointments. 60 posts for before and after, healed results, price list, booking open, aftercare steps and client reviews. Swap in your microblading, lamination or shaping photos, type your prices and post, in the free version of Canva.",https://avavae.etsy.com?utm_source=pinterest&utm_medium=organic&utm_campaign=brows&utm_content=ava-w40-p098,2026-10-05T18:28:14,"brow artist instagram, brow instagram post, brow tech instagram, brow instagram feed, eyebrow instagram post, brow bar instagram, brow instagram post ideas, brow artist instagram feed, brow tech instagram post, brow tech instagram templates"
PMU Instagram Post Ideas in Espresso Brown and Stone,https://cdn.jsdelivr.net/gh/ilsetanis/ava-vae-pins@main/ava-vae-brow-artist-instagram-posts-w40-33b9db68.png,Brow Artist Instagram Posts,,"Your feed should book clients while you are mapping the next set of brows. Luxury brow Instagram post templates in espresso brown, greige and bold uppercase type, made for microblading, powder and nano brow artists. 60 posts for before and after, healed results, price list, booking open, aftercare steps and client reviews. Drag your own brow photos in, change the colours to your brand, export and post. Free Canva works. Instant download, start editing today.",https://avavae.etsy.com?utm_source=pinterest&utm_medium=organic&utm_campaign=brows&utm_content=ava-w40-p099,2026-10-05T19:12:09,"pmu instagram post, microblading instagram posts, brow instagram post, permanent makeup instagram, brow instagram feed, pmu instagram post ideas, brow artist instagram, powder brows, brow instagram post ideas, pmu instagram templates"
Brow Artist Instagram Stories | About Us and Treatment in Soft Tan and Honey,https://cdn.jsdelivr.net/gh/ilsetanis/ava-vae-pins@main/ava-vae-brow-artist-instagram-story-ideas-w40-c2eca424.png,Brow Artist Instagram Story Ideas,,"Stories that answer the brow questions before they hit your DMs. Aesthetic brow Instagram story templates in caramel and cream layouts that feel warm and current, made for the studio that sells brow lamination and tint on repeat. 60 stories for booking open, last minute slots, this or that, polls, FAQ answers, price lists and aftercare reminders. Edit on your phone in free Canva, add your own photos and colours, and post. See every layout and style on the page.",https://avavae.etsy.com?utm_source=pinterest&utm_medium=organic&utm_campaign=brows&utm_content=ava-w40-p100,2026-10-05T20:56:20,"brow instagram story, brow lamination instagram story, brow artist instagram, brow instagram story ideas, lash and brow instagram, brow instagram highlight cover, brow instagram aesthetic, brow lamination instagram, brow tech instagram story, brow artist instagram templates"
